damage,patient_id,region,voxels,volume_cm3,surface_area_mm2,surface_area_mesh_mm2,sphericity,sphericity_mesh,elongation,n_components,frac_outside_largest,dice,expected_dvox,new_pieces
dilate 1 mm,BraTS20_Training_002,WT,81317,81.317,16620.0229781866,16781.1462753026,0.546143458983935,0.54089969116461,0.7766944043121,1,0,0.903529411764706,0,0
dilate 1 mm,BraTS20_Training_002,TC,18777,18.777,3835.3881947819,3943.90602843666,0.890756366024082,0.866246920195973,0.856827039309608,1,0,0.911036362581917,0,0
dilate 1 mm,BraTS20_Training_002,ET,11571,11.571,5918.83048176849,6075.41501854103,0.417986400397713,0.4072134397549,0.873665619792412,1,0,0.722847682119205,0,0
dilate 2 mm,BraTS20_Training_002,WT,96499,96.499,16455.7152873477,16791.970883529,0.618276255987273,0.605895407276676,0.763778451935833,1,0,0.819634633379611,0,0
dilate 2 mm,BraTS20_Training_002,TC,22355,22.355,4248.21722013101,4391.25382436759,0.903359311791124,0.873934128567353,0.861883009840181,1,0,0.825399327448508,0,0
dilate 2 mm,BraTS20_Training_002,ET,16873,16.873,5966.32194691511,6150.80328081829,0.533219034698164,0.517226170954585,0.87071285624464,1,0,0.559217829391171,0,0
erode 1 mm,BraTS20_Training_002,WT,53852,53.852,13224.890909887,13234.8554711663,0.521466704746322,0.521074090943635,0.798379338861863,5,0.000204263537101679,0.891146781399967,0,0
erode 1 mm,BraTS20_Training_002,TC,12913,12.913,2984.15860259794,3062.79434450817,0.891963309957326,0.869062589652364,0.846359532391949,2,0.00309765352745295,0.902312906156104,0,0
erode 1 mm,BraTS20_Training_002,ET,1647,1.647,3281.75950348732,2412.89778368075,0.2055132240204,0.279516596427237,0.976694517510311,21,0.0534304796599878,0.40190336749634,0,0
erode 2 mm,BraTS20_Training_002,WT,42589,42.589,10723.4541945431,10878.5129968429,0.549981040980735,0.542141789280909,0.790053157010808,2,2.34802413768831e-05,0.777192806372437,0,0
erode 2 mm,BraTS20_Training_002,TC,10399,10.399,2526.47491346969,2599.05719043363,0.911934234520091,0.886467206158245,0.842835588119341,2,0.000288489277815218,0.796614064654512,0,0
erode 2 mm,BraTS20_Training_002,ET,21,0.021,54.8335547470742,19.5068912476528,0.671300936566071,1.88701603908245,0.556027619402802,4,0.333333333333333,0.00639269406392694,0,0
shift 2 vox,BraTS20_Training_002,WT,67008,67.008,16458.7230660978,16378.7943484258,0.484736538305018,0.487102058568064,0.789106923277288,3,2.9847182425935e-05,0.87195558739255,0,0
shift 2 vox,BraTS20_Training_002,TC,15709,15.709,3479.66168068113,3561.65214023752,0.871724924774732,0.851657516624008,0.85194562374936,1,0,0.875549048316252,0,0
shift 2 vox,BraTS20_Training_002,ET,6549,6.549,5943.91186819837,6099.63653719466,0.284792418275779,0.277521623565601,0.888390747996917,2,0.0196976637654603,0.487249961826233,0,0
delete r=8 mm,BraTS20_Training_002,WT,64912,64.912,17169.7322792848,17126.3915385567,0.454922336770403,0.456073581678298,0.799519826334156,3,3.08109440473325e-05,0.984111582777441,-2096,0
delete r=8 mm,BraTS20_Training_002,TC,15340,15.34,3396.87531273252,3470.26099217498,0.878930951670475,0.860344181045215,0.858033311580606,2,0.00156453715775751,0.988115559277271,-369,0
delete r=8 mm,BraTS20_Training_002,ET,6230,6.23,5711.14881719608,5852.37844443603,0.286694489410693,0.279775976492289,0.895486892775906,2,0.00385232744783304,0.975037170357618,-319,0
3 blobs r=3,BraTS20_Training_002,WT,67377,67.377,16823.5141958243,16737.0326654628,0.475965183364413,0.478424531940644,0.785393573459665,6,0.00550633005328227,0.997254157830115,369,3
3 blobs r=3,BraTS20_Training_002,TC,16078,16.078,3844.45281040758,3919.89045727449,0.801316845960726,0.785895635109818,0.717225763744226,4,0.0229506157482274,0.988391480794035,369,3
3 blobs r=3,BraTS20_Training_002,ET,6918,6.918,6308.70299792483,6457.87485423162,0.27831145438356,0.27188267754614,0.69216567945013,5,0.0719861231569818,0.972599688126532,369,3
dilate 1 mm,BraTS20_Training_008,WT,45148,45.148,12238.1644850381,12174.0948818694,0.501025906845914,0.503662696795422,0.672623002284731,1,0,0.851108227091127,0,0
dilate 1 mm,BraTS20_Training_008,TC,2143,2.143,1062.89108864244,1078.33324515432,0.756269883249073,0.745439800846598,0.528838797347646,2,0.143723751749883,0.779265166619197,0,0
dilate 1 mm,BraTS20_Training_008,ET,1996,1.996,1025.99612092878,1034.37280480793,0.747214739759689,0.741163554311163,0.512205388953666,2,0.154308617234469,0.755222949797318,0,0
dilate 2 mm,BraTS20_Training_008,WT,56049,56.049,11608.1556138811,11818.9945772554,0.610144661031584,0.599260294599278,0.675360476559701,1,0,0.747438404380133,0,0
dilate 2 mm,BraTS20_Training_008,TC,3207,3.207,1371.0919279463,1408.09592668568,0.767037959603005,0.746880617228602,0.532321477069066,2,0.181789834736514,0.598032786885246,0,0
dilate 2 mm,BraTS20_Training_008,ET,3023,3.023,1321.50089202095,1358.21231187422,0.765083369698307,0.744403762716252,0.519442420066595,2,0.192854780019848,0.57203589985829,0,0
erode 1 mm,BraTS20_Training_008,WT,22023,22.023,10930.9009066043,10734.0173541596,0.347599508023855,0.353975184875286,0.729516553982946,9,0.00127139808382148,0.794065153509167,0,0
erode 1 mm,BraTS20_Training_008,TC,782,0.782,483.023360424925,478.874804219159,0.849807366677437,0.857169361072785,0.706982508652863,3,0.0230179028132992,0.727441860465116,0,0
erode 1 mm,BraTS20_Training_008,ET,562,0.562,586.481040330174,592.633629212671,0.561549042840237,0.555719167133478,0.656507996071645,3,0.0320284697508897,0.63395375070502,0,0
erode 2 mm,BraTS20_Training_008,WT,12981,12.981,7520.57439047667,7392.77224537377,0.355171857253323,0.36131187127385,0.823659202253045,11,0.00785763808643403,0.559200465246516,0,0
erode 2 mm,BraTS20_Training_008,TC,420,0.42,296.773779981941,298.92311967655,0.913884804996333,0.907313721134355,0.914182038455364,1,0,0.469798657718121,0,0
erode 2 mm,BraTS20_Training_008,ET,119,0.119,214.619971475773,178.018677606152,0.545144915634638,0.657228712273198,0.675913622449135,3,0.0252100840336135,0.178947368421053,0,0
shift 2 vox,BraTS20_Training_008,WT,33446,33.446,13932.1176321399,13758.8420520004,0.36032670373565,0.364864572430822,0.683816576309873,2,0.00281050050828202,0.803713448543922,0,0
shift 2 vox,BraTS20_Training_008,TC,1368,1.368,800.235011373056,799.351008894517,0.744715925141679,0.745539506667576,0.548755577110582,3,0.0986842105263158,0.747076023391813,0,0
shift 2 vox,BraTS20_Training_008,ET,1211,1.211,837.146576854111,826.895144254206,0.656314572948493,0.664451232905524,0.528368295764315,3,0.111478117258464,0.711808422791082,0,0
delete r=8 mm,BraTS20_Training_008,WT,32366,32.366,13918.1719323857,13749.2711414677,0.352880733322091,0.357215642012491,0.673041042687305,2,0.00290428227151951,0.983589618914484,-1080,0
delete r=8 mm,BraTS20_Training_008,TC,1368,1.368,800.235011373056,799.351008894517,0.744715925141679,0.745539506667576,0.548755577110582,3,0.0986842105263158,1,0,0
delete r=8 mm,BraTS20_Training_008,ET,1211,1.211,837.146576854111,826.895144254206,0.656314572948493,0.664451232905524,0.528368295764315,3,0.111478117258464,1,0,0
3 blobs r=3,BraTS20_Training_008,WT,33815,33.815,14296.9087618664,14117.0803690373,0.353710734426498,0.358216427617691,0.721405968726205,5,0.0136921484548277,0.994513908505672,369,3
3 blobs r=3,BraTS20_Training_008,TC,1737,1.737,1165.02614109951,1157.58932593149,0.599811792465657,0.60366522246561,0.841783941510436,6,0.290155440414508,0.881159420289855,369,3
3 blobs r=3,BraTS20_Training_008,ET,1580,1.58,1201.93770658057,1185.13346129118,0.545808409321667,0.553547536340544,0.846068585443555,6,0.318987341772152,0.867789322823361,369,3
dilate 1 mm,BraTS20_Training_009,WT,216450,216.45,35359.8908211919,35380.5063951512,0.493035588905517,0.492748306085589,0.664647226618291,8,0.000272580272580258,0.916514826902669,0,0
dilate 1 mm,BraTS20_Training_009,TC,90305,90.305,15950.7749578063,15904.9806240072,0.610253390957361,0.612010459899988,0.641104009827177,8,0.000730856541719782,0.915678563923994,0,0
dilate 1 mm,BraTS20_Training_009,ET,69861,69.861,19914.2798564275,19794.2911075584,0.411916685010529,0.414413635641605,0.650295730548888,7,0.00101630380326645,0.842996969245292,0,0
dilate 2 mm,BraTS20_Training_009,WT,247856,247.856,33206.6611296383,33727.274609525,0.574634731916282,0.565764682648731,0.673584984948473,4,0.000532567297140241,0.849722705650307,0,0
dilate 2 mm,BraTS20_Training_009,TC,104935,104.935,15923.9141087606,16159.4726292138,0.675638738948601,0.665789874114989,0.648430639472607,4,0.00130557011483301,0.841745081266039,0,0
dilate 2 mm,BraTS20_Training_009,ET,87372,87.372,17927.8432288274,18115.150183901,0.531134195880031,0.525642376714537,0.657880117022465,3,0.000949961085931372,0.736239179015426,0,0
erode 1 mm,BraTS20_Training_009,WT,150078,150.078,34211.0049715001,34169.7869262253,0.39920531492352,0.399686864977664,0.642174592537889,7,9.32848252241936e-05,0.900904037554176,0,0
erode 1 mm,BraTS20_Training_009,TC,63486,63.486,12285.7132232842,12220.6689810549,0.626424969715408,0.629759102857533,0.63728091996906,5,0.000110260529880613,0.908591301361041,0,0
erode 1 mm,BraTS20_Training_009,ET,32026,32.026,18420.9111165168,18236.9724392136,0.264753361949395,0.267423672680568,0.626456883944836,9,0.000374695559857585,0.772390174490817,0,0
erode 2 mm,BraTS20_Training_009,WT,120593,120.593,28746.462846609,29049.2217149685,0.410627259645271,0.406347590961971,0.635054491239683,9,0.000207308881941759,0.794192704989018,0,0
erode 2 mm,BraTS20_Training_009,TC,52981,52.981,10352.8356840903,10503.4914522415,0.658928417204164,0.649477144044001,0.640142306938108,1,0,0.819879140520423,0,0
erode 2 mm,BraTS20_Training_009,ET,17219,17.219,11139.5464141762,10781.442881736,0.28948222441672,0.299097320306888,0.58040116453626,23,0.0070851965851676,0.50554903112155,0,0
shift 2 vox,BraTS20_Training_009,WT,183094,183.094,39981.8292292613,39475.9555883057,0.390005627003056,0.395003443106173,0.653626291153234,31,0.000294930472871879,0.891230733939943,0,0
shift 2 vox,BraTS20_Training_009,TC,76260,76.26,16126.4893146227,15567.2167844325,0.539273184344201,0.558647275580182,0.63672506908267,44,0.002268554943614,0.902399685287175,0,0
shift 2 vox,BraTS20_Training_009,ET,50901,50.901,23044.3993786639,22581.2163454001,0.288228070362674,0.294140167827236,0.641896665178106,32,0.00129663464372021,0.778275475923852,0,0
delete r=8 mm,BraTS20_Training_009,WT,181767,181.767,39814.253053723,39282.0438222442,0.389752501859763,0.395033028515157,0.651151968123365,31,0.000297083629041572,0.996362998511762,-1327,0
delete r=8 mm,BraTS20_Training_009,TC,76260,76.26,16126.4893146227,15567.2167844325,0.539273184344201,0.558647275580182,0.63672506908267,44,0.002268554943614,1,0,0
delete r=8 mm,BraTS20_Training_009,ET,50901,50.901,23044.3993786639,22581.2163454001,0.288228070362674,0.294140167827236,0.641896665178106,32,0.00129663464372021,1,0,0
3 blobs r=3,BraTS20_Training_009,WT,183463,183.463,40346.6203589877,39834.1939053427,0.386998507286266,0.391976850092094,0.657147915511596,34,0.00230564200956052,0.99899333527937,369,3
3 blobs r=3,BraTS20_Training_009,TC,76629,76.629,16491.2804443492,15925.4551014695,0.529044072320545,0.547840806336115,0.671980764070551,47,0.00707304023281008,0.997586484312148,369,3
3 blobs r=3,BraTS20_Training_009,ET,51270,51.27,23409.1905083903,22939.454662437,0.285106163931859,0.290944340430463,0.687511593332018,35,0.00848449385605621,0.996388407669495,369,3
dilate 1 mm,BraTS20_Training_014,WT,96965,96.965,18029.6887799676,18214.1323086153,0.566116607530358,0.560383886204426,0.683189843297671,1,0,0.906580364341653,0,0
dilate 1 mm,BraTS20_Training_014,TC,35168,35.168,9129.86545078206,9271.79041583812,0.568571204683563,0.559867982896026,0.746137620862186,1,0,0.878857434327978,0,0
dilate 1 mm,BraTS20_Training_014,ET,29741,29.741,12059.1071575918,12095.3636244144,0.38495149873554,0.383797587065282,0.740831731718222,2,0.0110957936854846,0.760688390699225,0,0
dilate 2 mm,BraTS20_Training_014,WT,113176,113.176,17441.4557207776,17856.6563280432,0.648740416187892,0.633655989976702,0.686795154074263,1,0,0.830657326472837,0,0
dilate 2 mm,BraTS20_Training_014,TC,43591,43.591,9353.53488231456,9585.87578766861,0.640382677534125,0.624861185876291,0.745061608957466,1,0,0.774828201632963,0,0
dilate 2 mm,BraTS20_Training_014,ET,40389,40.389,10700.744043891,10858.3445967008,0.532000714296961,0.524279131515926,0.742940225922136,1,0,0.622570083896051,0,0
erode 1 mm,BraTS20_Training_014,WT,63797,63.797,17498.1823123363,17608.8541505862,0.441256746635451,0.438483443223842,0.670152936988938,7,0.000172421900716313,0.884883454814034,0,0
erode 1 mm,BraTS20_Training_014,TC,20651,20.651,7000.23560247773,7029.89030553103,0.519994629876012,0.517801098303244,0.754991016142628,6,0.129388407341049,0.856550322486986,0,0
erode 1 mm,BraTS20_Training_014,ET,6891,6.891,8949.6651184435,8371.73457570417,0.195673571837834,0.20918161279988,0.734899607252064,21,0.0830068204904949,0.548079217370556,0,0
erode 2 mm,BraTS20_Training_014,WT,48702,48.702,14252.7497855898,14384.2371243798,0.452497996988759,0.448361680483589,0.653878070574426,5,0.00123198225945542,0.754496583990457,0,0
erode 2 mm,BraTS20_Training_014,TC,14796,14.796,5492.17881730912,5584.54201791133,0.530683605123979,0.521906585250343,0.770514348258796,3,0.114422816977562,0.698517609290907,0,0
erode 2 mm,BraTS20_Training_014,ET,884,0.884,1653.00486490455,1214.74309023774,0.269470670366141,0.366691798985367,0.775872487994426,38,0.695701357466063,0.092376822195517,0,0
shift 2 vox,BraTS20_Training_014,WT,80396,80.396,19884.8225703279,19840.6445631583,0.453021379950812,0.454030096260796,0.678173360369892,2,2.48768595452198e-05,0.874048460122394,0,0
shift 2 vox,BraTS20_Training_014,TC,27568,27.568,8721.89852170222,8762.10987714547,0.505991554959604,0.50366944230032,0.749464435620528,6,0.146546720835752,0.842244631456761,0,0
shift 2 vox,BraTS20_Training_014,ET,18255,18.255,13907.9659028451,13822.4040522513,0.241069202998076,0.242561441761443,0.738962727780588,12,0.13021090112298,0.641796768008765,0,0
delete r=8 mm,BraTS20_Training_014,WT,78658,78.658,20280.1514161549,20261.4689287817,0.437765498877443,0.438169149196872,0.664933107641512,2,2.54265300414502e-05,0.989072893482717,-1738,0
delete r=8 mm,BraTS20_Training_014,TC,27568,27.568,8721.89852170222,8762.10987714547,0.505991554959604,0.50366944230032,0.749464435620528,6,0.146546720835752,1,0,0
delete r=8 mm,BraTS20_Training_014,ET,18255,18.255,13907.9659028451,13822.4040522513,0.241069202998076,0.242561441761443,0.738962727780588,12,0.13021090112298,1,0,0
3 blobs r=3,BraTS20_Training_014,WT,80765,80.765,20249.6137000544,20198.8828801953,0.446220494810842,0.447341206865758,0.699352259859349,5,0.00459357394911164,0.997710364169991,369,3
3 blobs r=3,BraTS20_Training_014,TC,27937,27.937,9086.68965142868,9120.34819418245,0.490002475795867,0.488194127152824,0.895269555351555,9,0.157819379317751,0.99335195027475,369,3
3 blobs r=3,BraTS20_Training_014,ET,18624,18.624,14272.7570325715,14180.6423692883,0.238062812636116,0.239609221836431,0.839438686863398,15,0.147444158075601,0.989994305702432,369,3
dilate 1 mm,BraTS20_Training_021,WT,51531,51.531,16425.9286132553,16404.0958266023,0.407692986450981,0.408235599350051,0.640652120896054,3,0.000989695523083145,0.833995180395751,0,0
dilate 1 mm,BraTS20_Training_021,TC,7755,7.755,2737.74364131212,2799.72558936123,0.692063397242876,0.676742096577698,0.441079257517364,2,0.333720180528691,0.844606674612634,0,0
dilate 1 mm,BraTS20_Training_021,ET,5461,5.461,3089.26480889652,3112.74498028051,0.485449179772941,0.481787321827141,0.41300437940722,2,0.386559238234756,0.709593572778828,0,0
dilate 2 mm,BraTS20_Training_021,WT,66726,66.726,16682.2199895258,16972.31534706,0.476899654656408,0.468748358089234,0.6631505418029,1,0,0.711654309545876,0,0
dilate 2 mm,BraTS20_Training_021,TC,10395,10.395,3232.47637386661,3329.97977800528,0.712576935237898,0.691712340997624,0.464650000650335,2,0.35007215007215,0.705801792828685,0,0
dilate 2 mm,BraTS20_Training_021,ET,8348,8.348,3229.01825497738,3279.4095810125,0.616313836331986,0.60684357325586,0.442075040906239,2,0.387158600862482,0.529116377411682,0,0
erode 1 mm,BraTS20_Training_021,WT,23564,23.564,11688.5425832404,11637.5609914931,0.34006069427201,0.341550425281572,0.517735628488276,11,0.000763877100662058,0.779980801694747,0,0
erode 1 mm,BraTS20_Training_021,TC,3886,3.886,1767.25817113364,1799.14350512158,0.676372575693033,0.66438555775096,0.397212943299774,2,0.277406073082862,0.813396127681842,0,0
erode 1 mm,BraTS20_Training_021,ET,1097,1.097,1198.04699785683,1036.95508751592,0.429353183775979,0.496053589047257,0.435214141542253,10,0.231540565177758,0.535121951219512,0,0
erode 2 mm,BraTS20_Training_021,WT,14024,14.024,7985.89014151054,7909.30775095579,0.352161651362937,0.355571479627594,0.459597644680489,5,0.276668568168853,0.551236193545851,0,0
erode 2 mm,BraTS20_Training_021,TC,2458,2.458,1303.71465693109,1324.69590499407,0.675599773717593,0.664899260195794,0.376459504806179,2,0.237184703010578,0.604897256060047,0,0
erode 2 mm,BraTS20_Training_021,ET,339,0.339,394.93752382092,380.52630538057,0.59532692423932,0.617873030059926,0.662307309424228,4,0.00884955752212391,0.202872531418312,0,0
shift 2 vox,BraTS20_Training_021,WT,36858,36.858,16851.4839673428,16506.0093532206,0.317834095008626,0.324486436527296,0.598641742018038,15,0.0016821314233002,0.772803733246514,0,0
shift 2 vox,BraTS20_Training_021,TC,5669,5.669,2321.2626095447,2359.6644075037,0.662365168847106,0.651585664224219,0.419594618791824,2,0.310989592520727,0.806315046745458,0,0
shift 2 vox,BraTS20_Training_021,ET,3003,3.003,2668.74361540462,2616.75361650669,0.377178989423789,0.384672830311507,0.386403911510365,4,0.352647352647353,0.575091575091575,0,0
delete r=8 mm,BraTS20_Training_021,WT,35899,35.899,16593.9331837443,16228.9843926445,0.317143894374431,0.324275658017576,0.571089672819006,17,0.00401125379537037,0.986819137677474,-959,0
delete r=8 mm,BraTS20_Training_021,TC,5669,5.669,2321.2626095447,2359.6644075037,0.662365168847106,0.651585664224219,0.419594618791824,2,0.310989592520727,1,0,0
delete r=8 mm,BraTS20_Training_021,ET,3003,3.003,2668.74361540462,2616.75361650669,0.377178989423789,0.384672830311507,0.386403911510365,4,0.352647352647353,1,0,0
3 blobs r=3,BraTS20_Training_021,WT,37227,37.227,17216.2750970692,16864.2476702575,0.313172503273531,0.319709724063403,0.608396983941701,18,0.0115776183952507,0.995019234662887,369,3
3 blobs r=3,BraTS20_Training_021,TC,6038,6.038,2686.05373927116,2717.90272454067,0.59698694364025,0.589991318593623,0.670255043939552,5,0.353097052003975,0.968480396344068,369,3
3 blobs r=3,BraTS20_Training_021,ET,3372,3.372,3033.53474513107,2974.99193354367,0.358476090759038,0.365530294168222,0.693043280084215,7,0.423487544483986,0.942117647058824,369,3
dilate 1 mm,BraTS20_Training_022,WT,78861,78.861,13040.9722535395,13305.8518621015,0.681944461945272,0.668368992744721,0.7831558985478,3,0.00024093024435401,0.926907925622028,0,0
dilate 1 mm,BraTS20_Training_022,TC,36048,36.048,6702.39509448885,6791.40442811327,0.787362782109053,0.77704346784968,0.768696650533247,1,0,0.918857314238584,0,0
dilate 1 mm,BraTS20_Training_022,ET,27693,27.693,9890.5429360581,9904.87544838823,0.447552508502933,0.446904892903935,0.801438471173015,1,0,0.793701267587228,0,0
dilate 2 mm,BraTS20_Training_022,WT,90947,90.947,13781.2197838203,14179.0981265806,0.70966826385802,0.689754329261287,0.77496568866581,2,0.000505789085951114,0.856480055323296,0,0
dilate 2 mm,BraTS20_Training_022,TC,42260,42.26,7134.46436548534,7320.33739709048,0.822386072072794,0.801504603900743,0.769890710326817,1,0,0.840555852778578,0,0
dilate 2 mm,BraTS20_Training_022,ET,36347,36.347,8971.33609135784,9121.92524090857,0.591479065811375,0.5817146435929,0.795719827833947,1,0,0.667827298050139,0,0
erode 1 mm,BraTS20_Training_022,WT,58133,58.133,10708.3818861896,10884.510216323,0.677707196662533,0.666740838554057,0.811376519205766,1,0,0.920911517532534,0,0
erode 1 mm,BraTS20_Training_022,TC,25663,25.663,5270.78975067518,5331.22841102945,0.79826431321485,0.789214611724005,0.772632253691788,1,0,0.911651865008881,0,0
erode 1 mm,BraTS20_Training_022,ET,8766,8.766,8620.97384558785,8455.02897046719,0.238485570790276,0.243166271282386,0.909826626621333,17,0.0114077116130504,0.649646125912476,0,0
erode 2 mm,BraTS20_Training_022,WT,48895,48.895,9270.71292506014,9484.92363317005,0.697504946400569,0.681752259899636,0.821424614339281,2,6.13559668677377e-05,0.835719108133284,0,0
erode 2 mm,BraTS20_Training_022,TC,21177,21.177,4471.20916486107,4575.65834032347,0.827882613681501,0.808984424623843,0.769604430673601,1,0,0.817423862276605,0,0
erode 2 mm,BraTS20_Training_022,ET,2259,2.259,3365.47853175199,3032.48719537339,0.24738960882241,0.274554965554546,0.81250842267697,20,0.0703851261620186,0.22060546875,0,0
shift 2 vox,BraTS20_Training_022,WT,68118,68.118,12427.696011813,12573.674523876,0.649034966707396,0.64149976619486,0.79602605587812,5,7.3402037640613e-05,0.898529023165683,0,0
shift 2 vox,BraTS20_Training_022,TC,30637,30.637,6305.38448283269,6279.57998219408,0.750936778508737,0.754022581800601,0.769798899775694,8,0.000424323530371806,0.897705388908836,0,0
shift 2 vox,BraTS20_Training_022,ET,18221,18.221,11620.0530800657,11587.3202626124,0.288175784867621,0.288989847579855,0.820620233124744,6,0.000713462488337591,0.692936721365457,0,0
delete r=8 mm,BraTS20_Training_022,WT,66951,66.951,12414.5575879537,12563.5314827479,0.642279788730921,0.63466386308086,0.821983305801034,4,5.9745186778426e-05,0.991359971570086,-1167,0
delete r=8 mm,BraTS20_Training_022,TC,29765,29.765,6248.55462412844,6242.71688918097,0.743318847773575,0.74401394551576,0.813199826512208,4,0.00020157903578033,0.985563391940664,-872,0
delete r=8 mm,BraTS20_Training_022,ET,17666,17.666,11278.9265741209,11235.9055903679,0.290831765132352,0.291945326343951,0.875382063357713,8,0.000849088644854556,0.984534789756736,-555,0
3 blobs r=3,BraTS20_Training_022,WT,68487,68.487,12792.4871415395,12931.912840913,0.632802078911591,0.625979509543654,0.82456233505402,8,0.00546089038795683,0.997298781157351,369,3
3 blobs r=3,BraTS20_Training_022,TC,31006,31.006,6670.17561255915,6637.81829923104,0.715556643289135,0.719044760840287,0.882143338772015,11,0.0123201960910791,0.994013918855345,369,3
3 blobs r=3,BraTS20_Training_022,ET,18590,18.59,11984.8442097921,11945.5585796494,0.283163969167456,0.284095216952002,0.947568734618251,9,0.0205486820871437,0.989975822444378,369,3
dilate 1 mm,BraTS20_Training_035,WT,97575,97.575,21362.0097861733,21330.8520183892,0.479808261403515,0.48050911265769,0.725326244208067,7,0.00144504227517295,0.893644764442429,0,0
dilate 1 mm,BraTS20_Training_035,TC,59423,59.423,13108.0014733489,13171.6774401964,0.561802962972798,0.559087033509182,0.787604075556527,3,0.000319741514228533,0.895801395508729,0,0
dilate 1 mm,BraTS20_Training_035,ET,43103,43.103,19350.3669301086,19080.0101290362,0.307232097183519,0.311585464211081,0.724795069018321,7,0.0022504234044034,0.720314703481036,0,0
dilate 2 mm,BraTS20_Training_035,WT,117220,117.22,21918.4112912131,22286.8801560114,0.528456848476765,0.519719874360601,0.739678163735208,3,0.000563043849172495,0.804091106180019,0,0
dilate 2 mm,BraTS20_Training_035,TC,71539,71.539,13582.0249983565,13864.6623600172,0.613594572009564,0.601086171411057,0.795486304944374,2,0.000698919470498605,0.8051642212331,0,0
dilate 2 mm,BraTS20_Training_035,ET,59783,59.783,16121.5367742459,16190.9697682378,0.458630383628568,0.456663603310474,0.732295049018463,2,0.00113744710034624,0.577357368076626,0,0
erode 1 mm,BraTS20_Training_035,WT,61559,61.559,16960.7963177062,16839.4913757937,0.44452779702276,0.44772999698195,0.685156572598836,6,0.000211179518835536,0.877071252511149,0,0
erode 1 mm,BraTS20_Training_035,TC,38016,38.016,10080.3288322737,10102.1557836015,0.542400861836329,0.541228937995019,0.759409775125084,3,0.000105218855218858,0.881796251623678,0,0
erode 1 mm,BraTS20_Training_035,ET,7617,7.617,10588.1425480052,9230.72604032423,0.176815492608952,0.202816943354282,0.704771433354417,47,0.174215570434554,0.477869443834499,0,0
erode 2 mm,BraTS20_Training_035,WT,47200,47.2,13638.8161151233,13771.2480204241,0.463093604059585,0.458640240920144,0.660789047740559,2,8.47457627118908e-05,0.749117168591041,0,0
erode 2 mm,BraTS20_Training_035,TC,29443,29.443,8279.48266490102,8410.78239704488,0.556932158763753,0.548237956510502,0.744808165637075,1,0,0.758341811438359,0,0
erode 2 mm,BraTS20_Training_035,ET,1045,1.045,1799.16856781302,1437.67587826397,0.276793866882415,0.346391584214106,0.662452030842659,49,0.191387559808612,0.0825858458134113,0,0
shift 2 vox,BraTS20_Training_035,WT,78815,78.815,21790.9395753067,21192.8098695105,0.407956716819959,0.419470576119955,0.70815997134665,21,0.000773964346888256,0.869174649495654,0,0
shift 2 vox,BraTS20_Training_035,TC,48208,48.208,12905.4580001375,12743.8579967967,0.496352384127608,0.502646439424944,0.775115124894138,6,0.000145204115499453,0.88371224692997,0,0
shift 2 vox,BraTS20_Training_035,ET,24262,24.262,21860.6095134758,21631.5389099785,0.18539851734451,0.187361824274838,0.715920991757793,26,0.00259665320253899,0.607658066111615,0,0
delete r=8 mm,BraTS20_Training_035,WT,77413,77.413,21975.4020666621,21377.1480176563,0.399720627124904,0.410907081157553,0.724353378607581,21,0.000787981346802247,0.991025936451852,-1402,0
delete r=8 mm,BraTS20_Training_035,TC,48166,48.166,12899.0670186247,12738.3321679271,0.496309832886048,0.502572370700028,0.776406330466861,6,0.000145330731221138,0.999564197812688,-42,0
delete r=8 mm,BraTS20_Training_035,ET,24220,24.22,21853.6375822223,21627.9672262223,0.185243572166737,0.187176439108892,0.71743719481015,26,0.00260115606936417,0.999133699104822,-42,0
3 blobs r=3,BraTS20_Training_035,WT,79184,79.184,22155.7307050332,21551.0481865475,0.402491151980501,0.413784308644672,0.737489889578301,24,0.00543038997777334,0.997664542180647,369,3
3 blobs r=3,BraTS20_Training_035,TC,48577,48.577,13270.249129864,13102.0963138337,0.485168029693191,0.491394695143257,0.830037967422384,9,0.00774028861395315,0.996187425737459,369,3
3 blobs r=3,BraTS20_Training_035,ET,24631,24.631,22225.4006432023,21989.7772270155,0.184199828781534,0.186173554684733,0.784140575266862,29,0.0175388737769477,0.992452907369153,369,3
dilate 1 mm,BraTS20_Training_049,WT,99765,99.765,17856.7969681333,17959.2970100863,0.582549322738706,0.579224508299318,0.849950559371593,1,0,0.910761369777763,0,0
dilate 1 mm,BraTS20_Training_049,TC,9620,9.62,2502.37881027862,2556.23714812868,0.874140251525846,0.855722656339314,0.745166297527158,1,0,0.884960880904086,0,0
dilate 1 mm,BraTS20_Training_049,ET,8956,8.956,2925.10898158104,2945.89845590604,0.712992228948438,0.707960577701962,0.749263441711472,1,0,0.806105445577551,0,0
dilate 2 mm,BraTS20_Training_049,WT,115811,115.811,17454.5598399883,17799.2484979603,0.658276620374333,0.645528863923988,0.858306776500098,1,0,0.837408208644324,0,0
dilate 2 mm,BraTS20_Training_049,TC,11975,11.975,2815.49858204527,2899.96509269981,0.899040299832375,0.87285419253894,0.752830773802147,1,0,0.778684344722081,0,0
dilate 2 mm,BraTS20_Training_049,ET,11567,11.567,2858.1287310477,2910.51009300547,0.865398548720252,0.849823699924097,0.754729069627015,1,0,0.686612921539684,0,0
erode 1 mm,BraTS20_Training_049,WT,67504,67.504,16447.9152152791,16531.9525116215,0.487445730959015,0.484967885628004,0.833482917383812,2,2.96278739038147e-05,0.894554803143346,0,0
erode 1 mm,BraTS20_Training_049,TC,5863,5.863,1852.21660737412,1885.21459550652,0.84893077968319,0.834071459232358,0.72972497319377,1,0,0.868721292043266,0,0
erode 1 mm,BraTS20_Training_049,ET,2841,2.841,3272.45682390452,3306.88700226283,0.296431502319,0.293345158730943,0.750373939614362,3,0.000703977472720885,0.639288928892889,0,0
erode 2 mm,BraTS20_Training_049,WT,53305,53.305,14026.1978067606,14207.0258620544,0.488340560083642,0.48212492602635,0.826822461388184,1,0,0.779751760859548,0,0
erode 2 mm,BraTS20_Training_049,TC,4312,4.312,1498.66797351916,1530.6521126233,0.854865648695866,0.837002581315797,0.723825059720939,1,0,0.721854858960408,0,0
erode 2 mm,BraTS20_Training_049,ET,419,0.419,857.666267206348,640.410989174385,0.315724640380606,0.422832178644213,0.72285428140338,17,0.541766109785203,0.129600989792762,0,0
shift 2 vox,BraTS20_Training_049,WT,83418,83.418,19558.4303651425,19469.4444157477,0.472052144677128,0.47420967970283,0.841500778229093,1,0,0.882687189815148,0,0
shift 2 vox,BraTS20_Training_049,TC,7635,7.635,2240.20511966302,2273.92442690128,0.837019739283127,0.824607837893846,0.737017519102345,1,0,0.857236411263916,0,0
shift 2 vox,BraTS20_Training_049,ET,6047,6.047,3694.44248919023,3640.03488125063,0.434472066771892,0.440966121538068,0.746409615854252,2,0.000165371258475266,0.717876633041177,0,0
delete r=8 mm,BraTS20_Training_049,WT,81319,81.319,20307.9915004513,20250.2206723762,0.446970133343381,0.448245271779937,0.839850173854965,1,0,0.987258478665995,-2099,0
delete r=8 mm,BraTS20_Training_049,TC,6149,6.149,2395.40217033425,2423.74944366998,0.677603043216574,0.669678049678422,0.662999118891916,1,0,0.89219384793964,-1486,0
delete r=8 mm,BraTS20_Training_049,ET,4818,4.818,3350.62044941141,3313.95775981168,0.411721380400338,0.416276300609113,0.656642171125486,2,0.000207555002075588,0.886884491486424,-1229,0
3 blobs r=3,BraTS20_Training_049,WT,83787,83.787,19923.2214948689,19827.6827327847,0.464774531501819,0.467014025848506,0.886419714210782,4,0.00440402449067279,0.997793128195927,369,3
3 blobs r=3,BraTS20_Training_049,TC,8004,8.004,2604.99624938948,2632.16274393825,0.742816842186913,0.735150245681631,0.376272043789714,4,0.0461019490254873,0.97640514099367,369,3
3 blobs r=3,BraTS20_Training_049,ET,6416,6.416,4059.23361891669,3998.2731982876,0.41135455868929,0.417626352956909,0.365030905642609,5,0.0576683291770573,0.970392361389714,369,3
dilate 1 mm,BraTS20_Training_050,WT,96481,96.481,15964.2454769694,16252.1407802496,0.637231043391405,0.625942941289822,0.905957282154782,4,0.00087063774214613,0.923569543849471,0,0
dilate 1 mm,BraTS20_Training_050,TC,76888,76.888,10591.0650226166,10832.6758159057,0.825626326969901,0.807211649450739,0.787545336244162,1,0,0.938897744288267,0,0
dilate 1 mm,BraTS20_Training_050,ET,54023,54.023,22447.9021178548,22564.0441552894,0.307865362401025,0.306280712495241,0.812328193669721,1,0,0.749395219630766,0,0
dilate 2 mm,BraTS20_Training_050,WT,111262,111.262,16723.1965487451,17196.4539493011,0.668953718195022,0.650543684434654,0.91451930570733,2,0.000296597220973971,0.85321734469857,0,0
dilate 2 mm,BraTS20_Training_050,TC,86657,86.657,11112.9325821262,11452.4340535736,0.852166671558276,0.826904632278318,0.793594208586312,1,0,0.879604370030383,0,0
dilate 2 mm,BraTS20_Training_050,ET,73221,73.221,18044.2913110764,18221.8747311839,0.469066839665102,0.464495493693539,0.808396608035376,1,0,0.613146704800508,0,0
erode 1 mm,BraTS20_Training_050,WT,69890,69.89,13557.8619680027,13850.5619452985,0.605205607646119,0.59241597006196,0.894755156509429,3,2.86163971956466e-05,0.915569529049584,0,0
erode 1 mm,BraTS20_Training_050,TC,59651,59.651,9121.3053624631,9316.41761373139,0.809416925699914,0.792465435853087,0.777971568088471,1,0,0.934353560352119,0,0
erode 1 mm,BraTS20_Training_050,ET,11891,11.891,15159.6812866883,13860.3687493123,0.166190542816161,0.181769742747987,0.859506563222187,51,0.0462534690101758,0.5372884802205,0,0
erode 2 mm,BraTS20_Training_050,WT,58269,58.269,11475.0954453609,11738.51284814,0.633411865428821,0.619197823953612,0.872633882014698,2,1.71617841391303e-05,0.826223510978454,0,0
erode 2 mm,BraTS20_Training_050,TC,51737,51.737,8170.22464814836,8401.25954254188,0.82183434730532,0.799233877616557,0.771223459719436,1,0,0.863939216832262,0,0
erode 2 mm,BraTS20_Training_050,ET,1940,1.94,3329.1541962705,2687.04254815987,0.225952959286521,0.279948020578833,0.871197597835202,49,0.516494845360825,0.11307997202145,0,0
shift 2 vox,BraTS20_Training_050,WT,82780,82.78,15821.4310390872,16050.409413949,0.580570961556865,0.572288419234067,0.90171542275563,5,0.000640251268422376,0.903140855279053,0,0
shift 2 vox,BraTS20_Training_050,TC,68033,68.033,10314.0477334385,10460.9004628255,0.781390395776369,0.770421042541023,0.782758061116002,1,0,0.925844810606617,0,0
shift 2 vox,BraTS20_Training_050,ET,32372,32.372,25847.915358826,25835.1125236369,0.190037054070283,0.1901312287359,0.820411838646671,15,0.000895835907574472,0.63706289385889,0,0
delete r=8 mm,BraTS20_Training_050,WT,80671,80.671,16612.8119282217,16872.3356144649,0.543482965337746,0.535123322322233,0.896982911847536,5,0.000656989500564031,0.987097050492196,-2109,0
delete r=8 mm,BraTS20_Training_050,TC,65924,65.924,11105.428622573,11282.8266633414,0.710631574238896,0.699458430066811,0.770988269072311,1,0,0.98425614189628,-2109,0
delete r=8 mm,BraTS20_Training_050,ET,31578,31.578,25415.3854538141,25367.0325918193,0.190097834992768,0.190460186180186,0.813980177019835,15,0.000918360884159863,0.987584050039093,-794,0
3 blobs r=3,BraTS20_Training_050,WT,83149,83.149,16186.2221688136,16408.647730986,0.569171721128043,0.561456378455079,0.908217040009765,8,0.0050752264007986,0.997776157272086,369,3
3 blobs r=3,BraTS20_Training_050,TC,68402,68.402,10678.838863165,10819.1387798625,0.757424399521159,0.747602307179089,0.825709538092116,4,0.00539457910587404,0.997295415399274,369,3
3 blobs r=3,BraTS20_Training_050,ET,32741,32.741,26212.7064885525,26193.3508406738,0.188813721878477,0.188953246292041,0.892742272884613,18,0.0121560123392688,0.994332928908206,369,3
dilate 1 mm,BraTS20_Training_051,WT,146456,146.456,29135.1561932075,29716.4095106617,0.461181155198319,0.452160446410799,0.715671513237767,1,0,0.907150798803101,0,0
dilate 1 mm,BraTS20_Training_051,TC,21422,21.422,4813.36436726137,4869.84494264208,0.77495305711202,0.765965133456491,0.729372852151514,1,0,0.900759441707718,0,0
dilate 1 mm,BraTS20_Training_051,ET,19256,19.256,6668.58997329412,6670.02625527622,0.520987728884266,0.520875542626033,0.745452071875977,1,0,0.809925527641297,0,0
dilate 2 mm,BraTS20_Training_051,WT,172841,172.841,28875.5689386929,29673.2041789123,0.519658563070922,0.505689799189276,0.720951627227845,1,0,0.825852294921046,0,0
dilate 2 mm,BraTS20_Training_051,TC,25891,25.891,5168.2296127077,5298.44809846345,0.818920118924836,0.798793746851428,0.748043119695857,1,0,0.808102198181609,0,0
dilate 2 mm,BraTS20_Training_051,ET,25079,25.079,5972.67345746268,6048.21373942542,0.693727371343476,0.685062935281146,0.74894301466376,1,0,0.68641315734339,0,0
erode 1 mm,BraTS20_Training_051,WT,97894,97.894,24904.3035004549,25272.1660673337,0.412458673223045,0.406454909799719,0.69645304967036,3,4.0860522606101e-05,0.89211898078956,0,0
erode 1 mm,BraTS20_Training_051,TC,14108,14.108,3604.4212057982,3650.9121585332,0.783355485685623,0.773380186013022,0.680547637915493,1,0,0.891162908218053,0,0
erode 1 mm,BraTS20_Training_051,ET,6864,6.864,6477.14752139811,6598.23174315703,0.269661235011645,0.264712678784623,0.75915507361278,7,0.00131118881118886,0.687465571636036,0,0
erode 2 mm,BraTS20_Training_051,WT,76592,76.592,20842.336887069,21196.2177914904,0.418465815790872,0.411479330616099,0.673512698488162,6,0.000143618132442014,0.773024091399966,0,0
erode 2 mm,BraTS20_Training_051,TC,11085,11.085,3040.72541588069,3107.4805941933,0.790673867634665,0.773688540318479,0.659473929651813,1,0,0.774119208072908,0,0
erode 2 mm,BraTS20_Training_051,ET,1820,1.82,2694.88035767138,2350.93650209227,0.267501092995421,0.30663671287056,0.87568726441096,12,0.0428571428571428,0.243886097152429,0,0
shift 2 vox,BraTS20_Training_051,WT,121570,121.57,29051.3929458323,29509.4799345279,0.40850882372691,0.40216738438837,0.709512777592876,1,0,0.879740067450851,0,0
shift 2 vox,BraTS20_Training_051,TC,17554,17.554,4424.33068935252,4422.46031369278,0.738279155940832,0.738591393759922,0.705781907723953,5,0.000455736584254351,0.877292924689529,0,0
shift 2 vox,BraTS20_Training_051,ET,13105,13.105,7551.16602272544,7501.42896409452,0.355982068609063,0.358342352376691,0.746033307569852,5,0.000610454025181228,0.728271652041206,0,0
delete r=8 mm,BraTS20_Training_051,WT,120788,120.788,28846.9631573165,29293.877973333,0.409637667731859,0.40338813180239,0.711261122528617,1,0,0.996773368322894,-782,0
delete r=8 mm,BraTS20_Training_051,TC,17526,17.526,4421.22781180523,4419.15088315767,0.73801145502077,0.738358308335737,0.704881074012733,5,0.000456464681045321,0.999201824401368,-28,0
delete r=8 mm,BraTS20_Training_051,ET,13079,13.079,7545.94854023722,7496.31581421172,0.355756883383704,0.358112331628186,0.744990123290831,5,0.000611667558681805,0.999007027192178,-26,0
3 blobs r=3,BraTS20_Training_051,WT,121939,121.939,29416.1840755587,29867.7182515649,0.404258856047493,0.398147351716256,0.719158322131531,4,0.0030261032155422,0.998484655597945,369,3
3 blobs r=3,BraTS20_Training_051,TC,17923,17.923,4789.12181907897,4780.69863072975,0.691568775984944,0.692787261923195,0.755266347279146,8,0.0210344250404508,0.989598895058771,369,3
3 blobs r=3,BraTS20_Training_051,ET,13474,13.474,7915.9571524519,7859.66728113149,0.345922160755696,0.348399608365032,0.68466009881669,8,0.0279798129731335,0.986116859174536,369,3
dilate 1 mm,BraTS20_Training_053,WT,173843,173.843,26339.4476466975,26501.7751634374,0.571894078523484,0.568391137870173,0.76358782801645,3,0.000178321819112592,0.926033236547847,0,0
dilate 1 mm,BraTS20_Training_053,TC,25794,25.794,5251.92642134039,5287.64886647273,0.803855439895727,0.798424730979314,0.900842217739018,2,0.000271380941304189,0.908513879485443,0,0
dilate 1 mm,BraTS20_Training_053,ET,14803,14.803,6458.15781175176,6471.4807389851,0.451448932754156,0.450519528569358,0.894493218235666,1,0,0.760113912387972,0,0
dilate 2 mm,BraTS20_Training_053,WT,197252,197.252,25045.823476485,25533.1700034406,0.654279157909013,0.64179106202341,0.76388867577485,2,0.000380224281629538,0.863588833613232,0,0
dilate 2 mm,BraTS20_Training_053,TC,30669,30.669,5679.26844036649,5798.93984576417,0.834304919950438,0.817087558681619,0.907007138719594,2,0.00107600508656946,0.823567770766605,0,0
dilate 2 mm,BraTS20_Training_053,ET,20549,20.549,6239.98338855195,6351.81869235308,0.581426049813402,0.571188988261716,0.887423954133266,1,0,0.612678908992709,0,0
erode 1 mm,BraTS20_Training_053,WT,126347,126.347,25311.6644087994,25511.7818428271,0.481068267078758,0.477294710696336,0.765124816023013,3,0.000150379510395982,0.914749279622363,0,0
erode 1 mm,BraTS20_Training_053,TC,17563,17.563,3988.61523901644,4028.25522599499,0.819208496233598,0.811147086938115,0.879075756560525,2,5.6937880772101e-05,0.899905208413394,0,0
erode 1 mm,BraTS20_Training_053,ET,3523,3.523,5025.81593595449,4886.84050413825,0.222785014128963,0.229120732168981,0.93106742341682,3,0.00141924496168033,0.55929512621051,0,0
erode 2 mm,BraTS20_Training_053,WT,104330,104.33,22663.9356759462,23060.7458792785,0.47288434178153,0.46474733993444,0.767540213224871,1,0,0.82076254685773,0,0
erode 2 mm,BraTS20_Training_053,TC,14205,14.205,3387.006387526,3448.89570924698,0.837456518854086,0.822428631584624,0.871157460104149,1,0,0.79635599159075,0,0
erode 2 mm,BraTS20_Training_053,ET,274,0.274,614.775749819343,366.272406415726,0.331844358004934,0.55698944403758,0.790637130863599,28,0.660583941605839,0.0586158947481014,0,0
shift 2 vox,BraTS20_Training_053,WT,149897,149.897,28414.9562870804,28346.1153209633,0.48024821528811,0.481414539165018,0.763833980379498,4,5.33699807201415e-05,0.906829356157895,0,0
shift 2 vox,BraTS20_Training_053,TC,21470,21.47,4908.41339061752,4866.56403412118,0.761081248394953,0.76762606323011,0.892092324146139,5,0.000652072659524938,0.894597112249651,0,0
shift 2 vox,BraTS20_Training_053,ET,9075,9.075,6792.00857395334,6702.48770647975,0.309777821645661,0.31391532708129,0.903788342682616,6,0.00154269972451793,0.674931129476584,0,0
delete r=8 mm,BraTS20_Training_053,WT,148436,148.436,28606.4262559886,28533.7214379971,0.473929068752513,0.475136654897887,0.765142358716703,4,5.38952814681526e-05,0.995102787824344,-1461,0
delete r=8 mm,BraTS20_Training_053,TC,21470,21.47,4908.41339061752,4866.56403412118,0.761081248394953,0.76762606323011,0.892092324146139,5,0.000652072659524938,1,0,0
delete r=8 mm,BraTS20_Training_053,ET,9075,9.075,6792.00857395334,6702.48770647975,0.309777821645661,0.31391532708129,0.903788342682616,6,0.00154269972451793,1,0,0
3 blobs r=3,BraTS20_Training_053,WT,150266,150.266,28779.7474168068,28704.3536380003,0.474938777838771,0.476186234221682,0.760518868519873,7,0.00250888424527174,0.998770667937087,369,3
3 blobs r=3,BraTS20_Training_053,TC,21839,21.839,5273.20452034397,5224.80235115814,0.716524988764254,0.723162821432576,0.655049920233625,8,0.017537433032648,0.991479830982013,369,3
3 blobs r=3,BraTS20_Training_053,ET,9444,9.444,7156.7997036798,7060.72602351672,0.301904264236854,0.306012206341612,0.653458358074799,9,0.040554849639983,0.98007451806253,369,3
dilate 1 mm,BraTS20_Training_055,WT,136391,136.391,19958.2929299135,20207.7524080919,0.642023918120866,0.634098298865536,0.822051217353079,1,0,0.929363973546323,0,0
dilate 1 mm,BraTS20_Training_055,TC,19150,19.15,5136.81473468642,5221.76438604473,0.67385958064905,0.662896976401034,0.766858684013682,3,0.175822454308094,0.883935075909899,0,0
dilate 1 mm,BraTS20_Training_055,ET,13514,13.514,6093.77415082443,6174.04801196096,0.450249991513749,0.444395922153505,0.754983358343269,3,0.211632381234276,0.77651532298221,0,0
dilate 2 mm,BraTS20_Training_055,WT,154208,154.208,19198.7861517421,19639.6179098794,0.724349708547546,0.708090921997291,0.824762275232516,1,0,0.868621653546196,0,0
dilate 2 mm,BraTS20_Training_055,TC,24044,24.044,5825.83162799939,5980.18159958871,0.691508211671088,0.673660213069749,0.802276517535718,3,0.201547163533522,0.773609446328836,0,0
dilate 2 mm,BraTS20_Training_055,ET,19171,19.171,6569.4533236788,6715.4134385828,0.527292269930703,0.515831525032275,0.798392060842414,3,0.220645767043973,0.618206717601269,0,0
erode 1 mm,BraTS20_Training_055,WT,101010,101.01,18517.019554192,18663.1826107025,0.566442659759845,0.562006492991538,0.809342922567621,5,5.94000594000832e-05,0.920767169240306,0,0
erode 1 mm,BraTS20_Training_055,TC,11759,11.759,3412.3188907524,3457.1293572558,0.73284946358949,0.723350447803088,0.698863282177793,4,0.120163279190407,0.87343088464681,0,0
erode 1 mm,BraTS20_Training_055,ET,4079,4.079,4141.22931577187,3977.38376668169,0.298119681318695,0.310400513580703,0.547550946018415,11,0.261093405246384,0.644595448798989,0,0
erode 2 mm,BraTS20_Training_055,WT,84690,84.69,17282.2872745806,17664.426855662,0.539640239653179,0.527966048534455,0.798210008413708,1,0,0.834039116818656,0,0
erode 2 mm,BraTS20_Training_055,TC,8961,8.961,2698.03628890776,2749.01285437159,0.773286905369713,0.75894739055398,0.696415037572907,3,0.0891641557861845,0.742788461538462,0,0
erode 2 mm,BraTS20_Training_055,ET,1103,1.103,1483.0348421701,1256.08742439957,0.348109956564925,0.411005782291691,0.320552613859524,10,0.451495920217588,0.227892561983471,0,0
shift 2 vox,BraTS20_Training_055,WT,118394,118.394,21116.924330466,21162.1169269787,0.55217057127403,0.550991387645101,0.81685276649056,4,0.000177373853404772,0.909024105951315,0,0
shift 2 vox,BraTS20_Training_055,TC,15167,15.167,4430.85054435775,4446.5688512913,0.668749516602342,0.66638553427908,0.73341244618608,6,0.154743851783477,0.867936968418276,0,0
shift 2 vox,BraTS20_Training_055,ET,8577,8.577,5664.97732631499,5683.20439973794,0.357692270344227,0.356545085971501,0.694870051948396,8,0.223737903695931,0.703509385566049,0,0
delete r=8 mm,BraTS20_Training_055,WT,116285,116.285,21908.1015581677,21985.4313429377,0.525890320303309,0.524040596063319,0.815693474277257,4,0.000180590789869761,0.991013256405558,-2109,0
delete r=8 mm,BraTS20_Training_055,TC,15167,15.167,4430.85054435775,4446.5688512913,0.668749516602342,0.66638553427908,0.73341244618608,6,0.154743851783477,1,0,0
delete r=8 mm,BraTS20_Training_055,ET,8577,8.577,5664.97732631499,5683.20439973794,0.357692270344227,0.356545085971501,0.694870051948396,8,0.223737903695931,1,0,0
3 blobs r=3,BraTS20_Training_055,WT,118763,118.763,21481.7154601925,21520.3552440157,0.543921139162185,0.542944529111105,0.828675660820479,7,0.003283851031045,0.998444068697108,369,3
3 blobs r=3,BraTS20_Training_055,TC,15536,15.536,4795.64167408421,4804.80716832827,0.627861048043337,0.626663360681429,0.792812487814844,9,0.174819773429454,0.987981630459564,369,3
3 blobs r=3,BraTS20_Training_055,ET,8946,8.946,6029.76845604145,6041.4427167749,0.345623092322897,0.344955223026698,0.731635245257936,11,0.255756762799016,0.978941961992809,369,3
dilate 1 mm,BraTS20_Training_059,WT,35550,35.55,10889.8677019205,10870.3464570271,0.480125299263413,0.480987520498354,0.948502085545468,2,0.000196905766525979,0.843300579163142,0,0
dilate 1 mm,BraTS20_Training_059,TC,2923,2.923,1119.78892066335,1140.25288182387,0.882877607364622,0.867032724747269,0.737321821566288,1,0,0.82986389111289,0,0
dilate 1 mm,BraTS20_Training_059,ET,2054,2.054,1102.0950739511,1111.228772034,0.709031216220056,0.703203364005208,0.864396456355189,1,0,0.726596404215747,0,0
dilate 2 mm,BraTS20_Training_059,WT,45377,45.377,10298.8057981152,10444.4143556631,0.597385177230507,0.589056860199512,0.950875693217396,2,0.000727240672587448,0.727063608948734,0,0
dilate 2 mm,BraTS20_Training_059,TC,3997,3.997,1329.95775390233,1367.8330346958,0.915803665594912,0.890445072765039,0.756718570705002,1,0,0.683031301482702,0,0
dilate 2 mm,BraTS20_Training_059,ET,3084,3.084,1223.44434229218,1245.94835889481,0.837483296417645,0.822356876552438,0.852704887194797,1,0,0.550751879699248,0,0
erode 1 mm,BraTS20_Training_059,WT,17201,17.201,7876.3467936444,7749.24533269185,0.409130407661949,0.4158408769143,0.906718209050716,10,0.0105807801871984,0.79783853985482,0,0
erode 1 mm,BraTS20_Training_059,TC,1357,1.357,712.397397127383,718.728394563685,0.832047970407633,0.824718785130726,0.709416349043827,1,0,0.791253644314869,0,0
erode 1 mm,BraTS20_Training_059,ET,393,0.393,654.491216212638,617.478540216242,0.396438054068014,0.42020120095037,0.826793474805461,2,0.00508905852417307,0.50223642172524,0,0
erode 2 mm,BraTS20_Training_059,WT,10957,10.957,4929.91180458491,4873.70850268872,0.483919083560619,0.489499608192259,0.83623756979618,7,0.00310303915305288,0.594277966101695,0,0
erode 2 mm,BraTS20_Training_059,TC,794,0.794,497.552381531975,503.286156789859,0.833410530097282,0.82391575537983,0.733784725583884,1,0,0.553889082664806,0,0
erode 2 mm,BraTS20_Training_059,ET,7,0.007,20.0813892849163,0.72976856561314,0.88122957204076,24.2492139554716,0.712885097764169,3,0.285714285714286,0.0118744698897371,0,0
shift 2 vox,BraTS20_Training_059,WT,25918,25.918,11111.2983898983,11047.8510982593,0.381171397369503,0.383360446859602,0.936119906971452,6,0.000308665792113638,0.769465236515163,0,0
shift 2 vox,BraTS20_Training_059,TC,2073,2.073,954.413734032563,968.032101806775,0.823784555925795,0.812195476360794,0.719133729839529,1,0,0.762662807525326,0,0
shift 2 vox,BraTS20_Training_059,ET,1172,1.172,1009.02886682659,994.913178247792,0.532760815064239,0.540319550757815,0.86871238596074,1,0,0.553754266211604,0,0
delete r=8 mm,BraTS20_Training_059,WT,24208,24.208,11203.0287704538,11144.4103207934,0.361233440083999,0.363133490747401,0.924698397292585,6,0.000330469266358269,0.965885967362247,-1710,0
delete r=8 mm,BraTS20_Training_059,TC,2073,2.073,954.413734032563,968.032101806775,0.823784555925795,0.812195476360794,0.719133729839529,1,0,1,0,0
delete r=8 mm,BraTS20_Training_059,ET,1172,1.172,1009.02886682659,994.913178247792,0.532760815064239,0.540319550757815,0.86871238596074,1,0,1,0,0
3 blobs r=3,BraTS20_Training_059,WT,26287,26.287,11476.0895196247,11406.0894152963,0.372549696498825,0.374836064479377,0.978291443047384,9,0.0143416898086507,0.992931711521885,369,3
3 blobs r=3,BraTS20_Training_059,TC,2442,2.442,1319.20486375902,1326.27041884375,0.664766287861237,0.661224820933665,0.886618125459087,4,0.151105651105651,0.918272425249169,369,3
3 blobs r=3,BraTS20_Training_059,ET,1541,1.541,1373.81999655304,1353.15149528476,0.469630236071778,0.47680352979661,0.856459190735584,4,0.239454899415964,0.863988204939182,369,3
dilate 1 mm,BraTS20_Training_072,WT,112340,112.34,27956.111121494,28141.0795157224,0.402745144055491,0.400097942034062,0.899637411479236,1,0,0.885123232884597,0,0
dilate 1 mm,BraTS20_Training_072,TC,56290,56.29,9422.49464069564,9505.51948612477,0.753828219427588,0.747243995231378,0.785464624759786,1,0,0.92478869203954,0,0
dilate 1 mm,BraTS20_Training_072,ET,52336,52.336,13385.8100831917,13094.412700686,0.505482917405513,0.516731715072137,0.786817737522398,1,0,0.83612426890831,0,0
dilate 2 mm,BraTS20_Training_072,WT,138100,138.1,28477.1136014852,29000.5475342874,0.453715841008602,0.445526676071181,0.924800415026179,1,0,0.78480700781824,0,0
dilate 2 mm,BraTS20_Training_072,TC,64934,64.934,9664.87936271681,9869.52532587372,0.808355612622268,0.791594247971356,0.798005473393281,1,0,0.854264263469462,0,0
dilate 2 mm,BraTS20_Training_072,ET,63704,63.704,11077.237164303,11201.0320002393,0.69635463752384,0.688658462019302,0.799084908401819,1,0,0.742295314998717,0,0
erode 1 mm,BraTS20_Training_072,WT,68867,68.867,18892.8027471327,18690.1577182048,0.430059465261017,0.434722315842188,0.811844419764462,22,0.0199224592330144,0.871425317608949,0,0
erode 1 mm,BraTS20_Training_072,TC,41147,41.147,7676.32216697396,7739.57046350378,0.750855527516463,0.744719485047522,0.744956451562125,3,4.86062167350809e-05,0.918849512069851,0,0
erode 1 mm,BraTS20_Training_072,ET,21628,21.628,15684.8678649885,15407.5459838856,0.239339383135938,0.243647275387091,0.729690439296671,15,0.00402256334381357,0.730354911694188,0,0
erode 2 mm,BraTS20_Training_072,WT,53380,53.38,13779.3188020995,13807.1525565164,0.497556139204145,0.496553118825358,0.788566967948288,16,0.00404645934807046,0.748830390898442,0,0
erode 2 mm,BraTS20_Training_072,TC,34557,34.557,6644.67053392583,6767.67380196227,0.77214944066201,0.758115533681092,0.726905678621584,1,0,0.832979800414598,0,0
erode 2 mm,BraTS20_Training_072,ET,8994,8.994,8708.04520748016,8313.44402184591,0.240177344242572,0.251577464884698,0.657800388633225,23,0.0153435623749166,0.386074862637363,0,0
shift 2 vox,BraTS20_Training_072,WT,89189,89.189,26235.9847115242,26043.4948956048,0.367954641011649,0.370674226896682,0.863068015927418,3,0.000280303624886513,0.844678155377905,0,0
shift 2 vox,BraTS20_Training_072,TC,48415,48.415,9201.00609537462,9177.12835324482,0.698182185788741,0.699998768661965,0.766654032901472,2,2.0654755757521e-05,0.907673241763916,0,0
shift 2 vox,BraTS20_Training_072,ET,37598,37.598,18880.0700287532,18614.3970630271,0.287468559469552,0.291571438788645,0.762771411509567,4,0.000186180115963608,0.774110325017288,0,0
delete r=8 mm,BraTS20_Training_072,WT,87741,87.741,26248.5071528608,26053.1341516734,0.363787609040495,0.366515659975146,0.893631631258051,4,0.000296326688777215,0.991815972418471,-1448,0
delete r=8 mm,BraTS20_Training_072,TC,48415,48.415,9201.00609537462,9177.12835324482,0.698182185788741,0.699998768661965,0.766654032901472,2,2.0654755757521e-05,1,0,0
delete r=8 mm,BraTS20_Training_072,ET,37598,37.598,18880.0700287532,18614.3970630271,0.287468559469552,0.291571438788645,0.762771411509567,4,0.000186180115963608,1,0,0
3 blobs r=3,BraTS20_Training_072,WT,89558,89.558,26600.7758412507,26401.7332126418,0.36390895709657,0.366652466199227,0.880331311869297,6,0.00439938363965253,0.99793562968889,369,3
3 blobs r=3,BraTS20_Training_072,TC,48784,48.784,9565.79722510108,9535.3666702818,0.674964956579778,0.677118996253607,0.730813893491365,5,0.00758445391931784,0.996203664646756,369,3
3 blobs r=3,BraTS20_Training_072,ET,37967,37.967,19244.8611584797,18972.6353800641,0.283861742105642,0.287934686225377,0.728439789686311,7,0.00990333710854163,0.995116786872229,369,3
dilate 1 mm,BraTS20_Training_081,WT,37908,37.908,7480.84452590168,7597.13836331707,0.72949235273068,0.718325586902922,0.790373323925694,1,0,0.908179723502304,0,0
dilate 1 mm,BraTS20_Training_081,TC,21226,21.226,4333.76817320001,4401.07445427541,0.855455104164765,0.842372503021228,0.975958996754036,1,0,0.908857245669048,0,0
dilate 1 mm,BraTS20_Training_081,ET,14343,14.343,6860.1996223558,6956.33452448795,0.416141188806184,0.410390215744407,0.961143099170033,1,0,0.74145571008643,0,0
dilate 2 mm,BraTS20_Training_081,WT,44767,44.767,7680.04387636284,7858.61135124062,0.793887720351992,0.775848588599109,0.811729385269371,1,0,0.826537700363045,0,0
dilate 2 mm,BraTS20_Training_081,TC,25262,25.262,4705.65625715704,4831.08700284501,0.884794496071876,0.861822350598703,0.971290331099084,1,0,0.823436262866192,0,0
dilate 2 mm,BraTS20_Training_081,ET,20500,20.5,6714.50148358322,6873.90696688149,0.53947698838628,0.526966549930197,0.967084116558433,1,0,0.583765112262522,0,0
erode 1 mm,BraTS20_Training_081,WT,25676,25.676,6109.66319673953,6130.8884233361,0.68889299076028,0.686508033015164,0.71085532265716,3,0.000116840629381554,0.897636694168648,0,0
erode 1 mm,BraTS20_Training_081,TC,14435,14.435,3413.49081104702,3457.21272735445,0.839904507285328,0.829282587990861,0.949262515241727,1,0,0.898956873735015,0,0
erode 1 mm,BraTS20_Training_081,ET,2948,2.948,4283.42451531807,3976.52043683083,0.232119339445328,0.250034090067938,0.904821983287384,10,0.00712347354138398,0.517283733988419,0,0
erode 2 mm,BraTS20_Training_081,WT,20380,20.38,5288.62824919467,5379.48370144805,0.682250512341852,0.670727811969652,0.675346287629881,2,4.90677134445949e-05,0.785174911388504,0,0
erode 2 mm,BraTS20_Training_081,TC,11531,11.531,2875.33811970655,2938.93035769635,0.858433222820944,0.839858543206294,0.922687545878965,1,0,0.789497107254117,0,0
erode 2 mm,BraTS20_Training_081,ET,305,0.305,622.174762682989,453.671573034184,0.352185625793296,0.482994794412196,0.65395488741382,13,0.432786885245902,0.0696744717304398,0,0
shift 2 vox,BraTS20_Training_081,WT,31532,31.532,7336.55621096219,7364.28474339743,0.65789949605166,0.655422325742384,0.755294458941743,1,0,0.889287073449194,0,0
shift 2 vox,BraTS20_Training_081,TC,17680,17.68,4110.04803055941,4113.41901746014,0.798531527958009,0.79787712360262,0.970824966147173,1,0,0.896323529411765,0,0
shift 2 vox,BraTS20_Training_081,ET,8450,8.45,6959.34851027943,7035.95520863156,0.288283649597798,0.285144849260141,0.939656956352616,4,0.00071005917159761,0.628639053254438,0,0
delete r=8 mm,BraTS20_Training_081,WT,30101,30.101,7513.84810785545,7542.83329316361,0.622791001184812,0.620397774147174,0.757247620805982,2,3.32214876581638e-05,0.976781918777278,-1431,0
delete r=8 mm,BraTS20_Training_081,TC,16603,16.603,4223.95782842104,4229.31233072224,0.745113209693274,0.744169862386673,0.930569113795554,1,0,0.968585012980194,-1077,0
delete r=8 mm,BraTS20_Training_081,ET,7913,7.913,6672.9978615783,6735.6087733903,0.287777774234658,0.285102733351161,0.982078053851919,4,0.000758245924428191,0.967182057079998,-537,0
3 blobs r=3,BraTS20_Training_081,WT,31901,31.901,7701.34734068865,7722.5230604344,0.631616710475041,0.629884771529299,0.904413675621946,4,0.011567035516128,0.994182838585594,369,3
3 blobs r=3,BraTS20_Training_081,TC,18049,18.049,4474.83916028587,4471.65733449711,0.743604697126868,0.744133812044442,0.721781771681679,4,0.0204443459471438,0.989672255030927,369,3
3 blobs r=3,BraTS20_Training_081,ET,8819,8.819,7324.13964000588,7394.19352566854,0.281842881531546,0.279172652664922,0.640535846888049,7,0.0425218278716408,0.978632231165673,369,3
dilate 1 mm,BraTS20_Training_084,WT,68115,68.115,12257.0802538236,12361.2838971069,0.658050063628808,0.65250280699562,0.668932979107559,2,0.000557880055788051,0.911814042655164,0,0
dilate 1 mm,BraTS20_Training_084,TC,33644,33.644,7054.20715586342,7134.61156921176,0.714454097890395,0.706402466480902,0.692302520920782,1,0,0.900612695041255,0,0
dilate 1 mm,BraTS20_Training_084,ET,27051,27.051,9652.79940678001,9603.21980460892,0.451460466633721,0.453791271383284,0.722140677698055,1,0,0.785780012119308,0,0
dilate 2 mm,BraTS20_Training_084,WT,79292,79.292,12512.7820642929,12808.9337959277,0.713317959957297,0.696825537370592,0.682777994850532,2,0.00136205417948843,0.83707935204265,0,0
dilate 2 mm,BraTS20_Training_084,TC,40107,40.107,7253.16541613302,7439.62808827445,0.781213958213967,0.761634049052601,0.702356188884615,1,0,0.814594786309629,0,0
dilate 2 mm,BraTS20_Training_084,ET,35371,35.371,8353.56568513594,8457.83718039547,0.623797732046624,0.61610731180411,0.718257348415064,1,0,0.662140439132326,0,0
erode 1 mm,BraTS20_Training_084,WT,46284,46.284,11364.0588744891,11324.8942500504,0.548577392748353,0.550474525479856,0.629963805245977,3,0.000172845907873143,0.895596900124808,0,0
erode 1 mm,BraTS20_Training_084,TC,21938,21.938,5838.24410709167,5884.8720890269,0.649132314953741,0.643989003527877,0.668841227898693,1,0,0.886401745489808,0,0
erode 1 mm,BraTS20_Training_084,ET,7672,7.672,8764.42763096576,8346.86393454494,0.214634547879248,0.225371945289207,0.755173215593285,14,0.191214807090719,0.60942092302804,0,0
erode 2 mm,BraTS20_Training_084,WT,36434,36.434,9756.7197134453,9911.54357206053,0.544734479025655,0.536225421546328,0.615368393313645,1,0,0.779261889229914,0,0
erode 2 mm,BraTS20_Training_084,TC,17000,17,4854.17076121198,4955.71055925682,0.65867071593263,0.645174913327911,0.656488371891219,1,0,0.762999035030632,0,0
erode 2 mm,BraTS20_Training_084,ET,1482,1.482,2455.40154367036,2018.98448920315,0.25601204715143,0.311350770219107,0.735201395377875,31,0.409581646423752,0.156098588582262,0,0
shift 2 vox,BraTS20_Training_084,WT,57075,57.075,13137.9298327725,13046.4255046521,0.54565876182882,0.549485874348363,0.651255317380362,2,0.000140166447656576,0.88916338151555,0,0
shift 2 vox,BraTS20_Training_084,TC,27561,27.561,7102.76485986443,7150.71640641747,0.621231307815624,0.61706543123993,0.681204360921004,2,0.000181415768658599,0.879975327455462,0,0
shift 2 vox,BraTS20_Training_084,ET,17506,17.506,11783.4819449816,11544.5509645457,0.276695290021661,0.282421894471665,0.731343979873481,7,0.00068547926425222,0.691134468182337,0,0
delete r=8 mm,BraTS20_Training_084,WT,54968,54.968,13918.6077966754,13867.8423890166,0.50229819499922,0.504136936161696,0.65309379364544,2,0.000145539222820568,0.98119471988433,-2107,0
delete r=8 mm,BraTS20_Training_084,TC,25855,25.855,7325.17328726747,7376.53819826519,0.577248194075793,0.573228652481163,0.707146680047154,2,0.000193386192225864,0.968062003893964,-1706,0
delete r=8 mm,BraTS20_Training_084,ET,16810,16.81,11433.0383469812,11191.2152563934,0.277566856295074,0.283564603054137,0.746681345395802,7,0.000713860797144528,0.979717915841007,-696,0
3 blobs r=3,BraTS20_Training_084,WT,57444,57.444,13502.7209624989,13404.6638216891,0.533203036407351,0.537103497166138,0.679416119595628,5,0.0065629134461388,0.996777827260105,369,3
3 blobs r=3,BraTS20_Training_084,TC,27930,27.93,7467.55598959089,7508.95472345443,0.596146402420499,0.592859699122046,0.809641072526028,5,0.013390619405657,0.993350273017246,369,3
3 blobs r=3,BraTS20_Training_084,ET,17875,17.875,12148.273074708,11902.7892815827,0.272144949581704,0.27775768227173,0.817339068114339,10,0.0213146853146853,0.989570673525338,369,3
dilate 1 mm,BraTS20_Training_088,WT,39766,39.766,10138.3716032533,10159.6906291596,0.55572148960657,0.55455536740206,0.855961553527283,2,0.0188100387265503,0.870604941777904,0,0
dilate 1 mm,BraTS20_Training_088,TC,15136,15.136,3834.18262119882,3834.71416316634,0.77176558698328,0.771658610092406,0.907765682859518,2,0.000462473572938715,0.881507481987807,0,0
dilate 1 mm,BraTS20_Training_088,ET,13908,13.908,4753.72775039735,4731.70729619295,0.588337151434985,0.591075159196019,0.904567303403713,2,0.000503307448950219,0.817698814128448,0,0
dilate 2 mm,BraTS20_Training_088,WT,49036,49.036,10338.9185178315,10553.3028832094,0.62664133119066,0.613911467792099,0.881006259084418,2,0.025002039318052,0.769331158238173,0,0
dilate 2 mm,BraTS20_Training_088,TC,18719,18.719,4124.97281799552,4207.94941880397,0.826516376312201,0.810218290809453,0.915537309568514,1,0,0.778452101279039,0,0
dilate 2 mm,BraTS20_Training_088,ET,18189,18.189,4595.43389853481,4662.21808778536,0.7278303302361,0.717404486227617,0.911061406005595,1,0,0.691815304948216,0,0
erode 1 mm,BraTS20_Training_088,WT,22215,22.215,8185.29069913432,8175.31341800714,0.466889630311359,0.467459429762315,0.804216106973756,3,0.00661715057393653,0.840379050104976,0,0
erode 1 mm,BraTS20_Training_088,TC,9140,9.14,2700.37968203973,2702.67434841927,0.78287079136945,0.782206106300927,0.890708795520291,1,0,0.86762542123499,0,0
erode 1 mm,BraTS20_Training_088,ET,5434,5.434,4253.40564882717,4296.17457025504,0.351420487624967,0.347922055478508,0.920758294565891,2,0.00036805299963194,0.721982329103833,0,0
erode 2 mm,BraTS20_Training_088,WT,15466,15.466,5766.7091826864,5674.45292903127,0.52056473581569,0.529028168839449,0.783033018103321,8,0.00245700245700242,0.670685169124024,0,0
erode 2 mm,BraTS20_Training_088,TC,6887,6.887,2137.89581905831,2171.19483626373,0.818812206886123,0.806254309589338,0.872294425441662,1,0,0.73203656462585,0,0
erode 2 mm,BraTS20_Training_088,ET,2102,2.102,2040.93230189111,1922.99701320419,0.388815884988521,0.412661534943938,0.849512131751918,7,0.0114176974310181,0.358672468219435,0,0
shift 2 vox,BraTS20_Training_088,WT,30654,30.654,10524.1936517843,10346.0951293824,0.450076905751016,0.457824566185129,0.833734591981601,5,0.0133750897109676,0.835258041364912,0,0
shift 2 vox,BraTS20_Training_088,TC,11929,11.929,3626.60780179473,3535.63541421812,0.696176819762185,0.714089545495889,0.900075115199805,7,0.000838293234973642,0.855059099673066,0,0
shift 2 vox,BraTS20_Training_088,ET,9619,9.619,5134.76643521874,4929.09459672883,0.425974283065278,0.443748523796142,0.905782920057928,7,0.00103960910697576,0.746127456076515,0,0
delete r=8 mm,BraTS20_Training_088,WT,29556,29.556,10316.990852339,10129.896192653,0.448086147108499,0.456362098175411,0.775229781633337,5,0.0138719718500474,0.981763826606876,-1098,0
delete r=8 mm,BraTS20_Training_088,TC,11929,11.929,3626.60780179473,3535.63541421812,0.696176819762185,0.714089545495889,0.900075115199805,7,0.000838293234973642,1,0,0
delete r=8 mm,BraTS20_Training_088,ET,9619,9.619,5134.76643521874,4929.09459672883,0.425974283065278,0.443748523796142,0.905782920057928,7,0.00103960910697576,1,0,0
3 blobs r=3,BraTS20_Training_088,WT,31023,31.023,10888.9847815108,10704.3334464194,0.438482833542267,0.446046727271242,0.796914828711371,8,0.0251104019598363,0.99401721873632,369,3
3 blobs r=3,BraTS20_Training_088,TC,12298,12.298,3991.39893152119,3893.87373125509,0.645528340202873,0.66169611681833,0.622202939013453,10,0.0308180191901122,0.984769059313989,369,3
3 blobs r=3,BraTS20_Training_088,ET,9988,9.988,5499.5575649452,5287.33291376579,0.407826455372499,0.424195923428467,0.616461471874957,10,0.0379455346415699,0.981180190748202,369,3
dilate 1 mm,BraTS20_Training_089,WT,156790,156.79,29864.6419616127,30540.1843343465,0.470838953124325,0.460424095765021,0.528917848606648,2,0.465801390394796,0.907892858013534,0,0
dilate 1 mm,BraTS20_Training_089,TC,22434,22.434,4740.92280836949,4887.20924108418,0.811382650883142,0.787095932695085,0.461461131087017,3,0.0323170188107337,0.908958272541582,0,0
dilate 1 mm,BraTS20_Training_089,ET,22410,22.41,4764.70515707472,4898.76591085089,0.806756854690017,0.784678961191519,0.46122167143749,3,0.0323516287371709,0.906589251299066,0,0
dilate 2 mm,BraTS20_Training_089,WT,184537,184.537,30703.0081245849,31650.5377281226,0.510534976794434,0.495250970932999,0.550078657042578,2,0.465733159203845,0.827889989837398,0,0
dilate 2 mm,BraTS20_Training_089,TC,26935,26.935,5369.00222717719,5560.22312843298,0.809347805749645,0.781513631963806,0.409025009940638,3,0.0496008910339707,0.819287671232877,0,0
dilate 2 mm,BraTS20_Training_089,ET,26926,26.926,5371.10576693985,5562.32663654654,0.80885060426343,0.781044053869047,0.408914743172981,3,0.0496174701032459,0.816621618652075,0,0
erode 1 mm,BraTS20_Training_089,WT,105450,105.45,25137.1386925774,25537.82239841,0.429403921088449,0.422666653058445,0.472198348252348,2,0.479193930772878,0.894428587786745,0,0
erode 1 mm,BraTS20_Training_089,TC,15354,15.354,3487.24835411802,3581.3239892041,0.856674034991553,0.834170582596147,0.720942374275025,3,0.00514523902566111,0.902009164610504,0,0
erode 1 mm,BraTS20_Training_089,ET,15083,15.083,3749.80640266537,3825.11555016247,0.787288242336891,0.771788055326236,0.719114597489511,3,0.00523768481071407,0.896090779467681,0,0
erode 2 mm,BraTS20_Training_089,WT,83634,83.634,21027.2494339535,21498.4205340335,0.439835457202937,0.430195783632666,0.435817608552219,5,0.509075256474639,0.781710183804802,0,0
erode 2 mm,BraTS20_Training_089,TC,12403,12.403,2913.95548925405,3008.24965575917,0.889240102364533,0.861366699598619,0.901549005685823,2,8.06256550834883e-05,0.797800147943267,0,0
erode 2 mm,BraTS20_Training_089,ET,11831,11.831,3350.60311778779,3442.24638382507,0.74939151667882,0.729440392188783,0.90575699351412,2,8.45237089003303e-05,0.778048138892542,0,0
shift 2 vox,BraTS20_Training_089,WT,130343,130.343,30245.3110346995,30543.855829169,0.411040433083049,0.407022800787382,0.504053254723186,5,0.471517457784461,0.885371673200709,0,0
shift 2 vox,BraTS20_Training_089,TC,18690,18.69,4183.18781992058,4299.58481788382,0.814172247199153,0.792131234075097,0.543856384550626,3,0.0178705189941145,0.900267522739433,0,0
shift 2 vox,BraTS20_Training_089,ET,18581,18.581,4331.79153052843,4429.32650209701,0.783181882344728,0.765936004762355,0.543037482436719,3,0.0179753511651687,0.896238092675314,0,0
delete r=8 mm,BraTS20_Training_089,WT,128514,128.514,30477.3039592007,30785.6570515802,0.404086683680185,0.400039299591764,0.508149391043604,5,0.478228052974773,0.992934322811436,-1829,0
delete r=8 mm,BraTS20_Training_089,TC,18690,18.69,4183.18781992058,4299.58481788382,0.814172247199153,0.792131234075097,0.543856384550626,3,0.0178705189941145,1,0,0
delete r=8 mm,BraTS20_Training_089,ET,18581,18.581,4331.79153052843,4429.32650209701,0.783181882344728,0.765936004762355,0.543037482436719,3,0.0179753511651687,1,0,0
3 blobs r=3,BraTS20_Training_089,WT,130712,130.712,30610.1021644259,30902.0941462063,0.40690808450523,0.403063235109749,0.510850100189865,8,0.47300936409817,0.998586504759533,369,3
3 blobs r=3,BraTS20_Training_089,TC,19059,19.059,4547.97894964704,4657.82313492078,0.758692431996918,0.74080039323717,0.729857176676426,6,0.0368854609370901,0.990224906620043,369,3
3 blobs r=3,BraTS20_Training_089,ET,18950,18.95,4696.58266025488,4787.56481913397,0.731882950692405,0.717974357615051,0.730057877236095,6,0.0370976253298153,0.990168127681117,369,3
dilate 1 mm,BraTS20_Training_090,WT,39156,39.156,8309.99442628327,8508.86136739321,0.671040818557055,0.655357423425277,0.751505963455888,2,0.000178772091122714,0.90034402864565,0,0
dilate 1 mm,BraTS20_Training_090,TC,24628,24.628,4411.86476420582,4553.11717236747,0.927857671392826,0.89907252803853,0.808668938284382,1,0,0.921220350861824,0,0
dilate 1 mm,BraTS20_Training_090,ET,16977,16.977,6916.9928519627,7085.78458755145,0.46182144595365,0.450820315107594,0.827530033973723,2,0.00117806444012492,0.784796535557067,0,0
dilate 2 mm,BraTS20_Training_090,WT,46892,46.892,8585.57092062282,8865.5556130736,0.732454720024046,0.709322936922078,0.770140171527205,2,0.000703744775228166,0.812123975630454,0,0
dilate 2 mm,BraTS20_Training_090,TC,28771,28.771,4825.86543048472,5003.785902778,0.940904520531545,0.90744861735573,0.815952451717216,1,0,0.844584554837155,0,0
dilate 2 mm,BraTS20_Training_090,ET,23236,23.236,6867.3295239004,7089.27056493091,0.573416892031119,0.555465152032449,0.828229874699577,1,0,0.641169590643275,0,0
erode 1 mm,BraTS20_Training_090,WT,25548,25.548,6440.32123140942,6570.11409200875,0.651350173402431,0.638482725276895,0.712075047581448,2,0.0048927509002662,0.886975541166872,0,0
erode 1 mm,BraTS20_Training_090,TC,17737,17.737,3523.7744685728,3640.79899441679,0.933389255445192,0.903387754342315,0.78850247380066,1,0,0.915033016921172,0,0
erode 1 mm,BraTS20_Training_090,ET,5020,5.02,5735.92790626687,5675.00959552789,0.24718166414204,0.249835032241549,0.862919473997901,2,0.000199203187250974,0.628128128128128,0,0
erode 2 mm,BraTS20_Training_090,WT,20100,20.1,5100.46225168029,5206.5572275161,0.700925658610105,0.686642767332173,0.716322222462003,3,0.000398009950248746,0.770720297551717,0,0
erode 2 mm,BraTS20_Training_090,TC,14701,14.701,3081.0047797559,3193.59148490259,0.94193948879589,0.908732403922189,0.778995039271481,1,0,0.822847867457741,0,0
erode 2 mm,BraTS20_Training_090,ET,1070,1.07,1469.13498185889,1321.27232880598,0.344359136143176,0.382896123835299,0.944111631964921,15,0.0757009345794393,0.177829483131128,0,0
shift 2 vox,BraTS20_Training_090,WT,32059,32.059,7946.65093863655,8085.98373661372,0.614138940422215,0.603556468368963,0.731304946151884,2,3.11924888486415e-05,0.879815340466016,0,0
shift 2 vox,BraTS20_Training_090,TC,21031,21.031,4038.8067387233,4153.36879895052,0.912299985308759,0.887136083203883,0.79881277382698,1,0,0.920165470020446,0,0
shift 2 vox,BraTS20_Training_090,ET,10964,10.964,7049.15706274321,7201.69846431759,0.338578691187866,0.331407151258374,0.829389716327146,2,0.000364830353885459,0.729295877417001,0,0
delete r=8 mm,BraTS20_Training_090,WT,30372,30.372,8072.26851125587,8220.08773177513,0.583182010854382,0.572694834430204,0.76953965264748,2,3.29250625575872e-05,0.972978167897359,-1687,0
delete r=8 mm,BraTS20_Training_090,TC,20738,20.738,4052.69053211493,4168.90604878066,0.900710577213998,0.875601701198952,0.799175750379265,1,0,0.992985228279346,-293,0
delete r=8 mm,BraTS20_Training_090,ET,10684,10.684,7005.27802986793,7157.38773546314,0.334873926343316,0.327757143484786,0.831921812747896,2,0.000374391613627845,0.987065779748707,-280,0
3 blobs r=3,BraTS20_Training_090,WT,32428,32.428,8311.44206836301,8444.22205365071,0.591681311202031,0.58237750141384,0.813344146679573,5,0.0114098926853337,0.99427791647929,369,3
3 blobs r=3,BraTS20_Training_090,TC,21400,21.4,4403.59786844975,4511.60711598748,0.846484455328647,0.826219359826771,0.722833580325318,4,0.0172429906542056,0.991303528080884,369,3
3 blobs r=3,BraTS20_Training_090,ET,11333,11.333,7413.94819246967,7559.93678135455,0.329102491428456,0.322747251998328,0.714176796431533,5,0.0329127327274331,0.983450688433422,369,3
dilate 1 mm,BraTS20_Training_092,WT,71802,71.802,16648.1904795662,17003.8836813578,0.501812469929832,0.491315380707563,0.632547396314524,9,0.0031893262026127,0.897558728696453,0,0
dilate 1 mm,BraTS20_Training_092,TC,52142,52.142,11601.7203374717,11936.2718253796,0.581772946918562,0.565466933796248,0.526851682363345,2,0.0134440566146293,0.90273569023569,0,0
dilate 1 mm,BraTS20_Training_092,ET,46701,46.701,15648.7147945568,15900.4241178716,0.400764799658605,0.394420551493735,0.539798018331374,2,0.0150103852165907,0.823267064781918,0,0
dilate 2 mm,BraTS20_Training_092,WT,87491,87.491,18032.1319200299,18546.5398030066,0.528541754688067,0.513882090514493,0.64843724069781,6,0.00653781531814701,0.801074347888646,0,0
dilate 2 mm,BraTS20_Training_092,TC,63079,63.079,12628.1100549766,13058.5373761724,0.606832687290299,0.586830648740331,0.553933667395461,1,0,0.809571888239901,0,0
dilate 2 mm,BraTS20_Training_092,ET,60669,60.669,14652.4474762398,15036.7998443006,0.509587197940106,0.496561750485206,0.561024452052913,1,0,0.700070707719997,0,0
erode 1 mm,BraTS20_Training_092,WT,46438,46.438,12669.6835984009,12954.803011305,0.493136740142793,0.482283401986413,0.586221184209381,5,0.192816228089065,0.885410311165345,0,0
erode 1 mm,BraTS20_Training_092,TC,34537,34.537,8906.41919840225,9134.80388138945,0.575842965683488,0.561445972067023,0.464194454168321,5,0.200712279584214,0.892025569832763,0,0
erode 1 mm,BraTS20_Training_092,ET,18493,18.493,15449.7979324467,15755.5504577064,0.218893517703185,0.214645665749019,0.474949391488337,6,0.243713837668307,0.72286283860376,0,0
erode 2 mm,BraTS20_Training_092,WT,35685,35.685,10527.2645657907,10787.5845623269,0.497919407684048,0.485903893206759,0.549727817107596,3,0.182990051842511,0.758102036263981,0,0
erode 2 mm,BraTS20_Training_092,TC,27017,27.017,7418.52750305283,7628.91673825073,0.586936559392219,0.570750102248039,0.434852926342938,5,0.189510308324388,0.772852749767575,0,0
erode 2 mm,BraTS20_Training_092,ET,6251,6.251,7491.49653049226,7112.06180020252,0.21905266492479,0.230739316583613,0.427548456890174,29,0.253079507278835,0.32119001130408,0,0
shift 2 vox,BraTS20_Training_092,WT,58458,58.458,15154.7614778281,15405.2986431974,0.480652258972082,0.47283538652577,0.612886870005543,19,0.201512196790858,0.857299257586643,0,0
shift 2 vox,BraTS20_Training_092,TC,42898,42.898,10543.7981148049,10806.5662220616,0.562054469851005,0.548387779971624,0.497462372369389,8,0.215930812625297,0.879178516480955,0,0
shift 2 vox,BraTS20_Training_092,ET,32673,32.673,16959.3787642888,17249.6151117699,0.291429510389424,0.286526013349313,0.514401069960297,9,0.232240688029872,0.746334894255195,0,0
delete r=8 mm,BraTS20_Training_092,WT,57025,57.025,14983.2574823504,15210.8315928936,0.478176333495158,0.471022184616881,0.607934618166721,21,0.206663743971942,0.987591247196557,-1433,0
delete r=8 mm,BraTS20_Training_092,TC,42687,42.687,10498.7637837671,10756.6641396145,0.562612939293789,0.549123805918892,0.495451014495767,8,0.216998149319465,0.997534614710522,-211,0
delete r=8 mm,BraTS20_Training_092,ET,32467,32.467,16906.7388529776,17192.9997926654,0.291106824852639,0.286259938664263,0.511849983762891,9,0.23371423291342,0.99683758059564,-206,0
3 blobs r=3,BraTS20_Training_092,WT,58827,58.827,15519.5526075545,15763.5369602344,0.471327443707463,0.464032347337701,0.630497581541274,22,0.206520815271899,0.996853817623737,369,3
3 blobs r=3,BraTS20_Training_092,TC,43267,43.267,10908.5892445314,11164.8045390986,0.546369848283416,0.533831490703546,0.541657185205747,11,0.222617699401391,0.995717518714095,369,3
3 blobs r=3,BraTS20_Training_092,ET,33042,33.042,17324.1698940153,17607.8534288069,0.287436936134218,0.282805984019476,0.564108987662078,12,0.240814720658556,0.994384843643004,369,3
dilate 1 mm,BraTS20_Training_100,WT,155175,155.175,23429.4012727904,24144.3559382703,0.596033637343198,0.5783840868275,0.723002642256958,1,0,0.931401006104804,0,0
dilate 1 mm,BraTS20_Training_100,TC,86656,86.656,11151.2039169983,11508.1432790628,0.849235471370219,0.822895378095146,0.800282380635154,1,0,0.942284336761161,0,0
dilate 1 mm,BraTS20_Training_100,ET,48050,48.05,20397.1893445572,20597.0055441092,0.313359398624964,0.310319428373315,0.802725521509085,2,0.000291363163371527,0.768974572471658,0,0
dilate 2 mm,BraTS20_Training_100,WT,176583,176.583,23720.5569002515,24512.0530024448,0.641689851330671,0.620969636010697,0.737993861543472,1,0,0.867458752224734,0,0
dilate 2 mm,BraTS20_Training_100,TC,96990,96.99,11775.3600852754,12196.4229761926,0.866951031189226,0.837020869846945,0.804703807417105,1,0,0.886382033308648,0,0
dilate 2 mm,BraTS20_Training_100,ET,66560,66.56,19968.0045250674,20440.0765235327,0.397763565791163,0.388577052169088,0.810938048109459,1,0,0.621589438260419,0,0
erode 1 mm,BraTS20_Training_100,WT,116072,116.072,21175.4901675882,21789.4234889676,0.543420015905959,0.528108750078384,0.677750811013858,1,0,0.923684168642867,0,0
erode 1 mm,BraTS20_Training_100,TC,68198,68.198,9713.08668844065,10014.1870617018,0.831077042091099,0.806088732401997,0.786327390857934,1,0,0.938093633293672,0,0
erode 1 mm,BraTS20_Training_100,ET,13890,13.89,12663.8470275368,12066.1710533754,0.220658146481276,0.231588048939269,0.650996374673751,42,0.0128149748020159,0.632729757430816,0,0
erode 2 mm,BraTS20_Training_100,WT,97550,97.55,18943.9539823406,19468.9685840256,0.540959821638001,0.526371899116111,0.646014681658286,2,1.02511532547034e-05,0.838051219491242,0,0
erode 2 mm,BraTS20_Training_100,TC,59694,59.694,8868.88732323277,9172.94266781307,0.832853805832945,0.805247217621496,0.782287904130001,1,0,0.872126405294646,0,0
erode 2 mm,BraTS20_Training_100,ET,4881,4.881,4589.69500457351,4256.37022137524,0.303183924014007,0.326926857660535,0.458406212620715,22,0.0163900839991805,0.27974552957359,0,0
shift 2 vox,BraTS20_Training_100,WT,135252,135.252,23007.4782347117,23651.1098375973,0.553831391933057,0.538759651580662,0.703409700984714,1,0,0.907439446366782,0,0
shift 2 vox,BraTS20_Training_100,TC,77199,77.199,10780.1537045914,11070.0866189778,0.813330304892304,0.792028644501325,0.79363211676888,1,0,0.929455044754466,0,0
shift 2 vox,BraTS20_Training_100,ET,30015,30.015,20572.1174719805,20645.2253207215,0.227037377014347,0.226233403506698,0.770571774074715,25,0.00529735132433784,0.660569715142429,0,0
delete r=8 mm,BraTS20_Training_100,WT,133143,133.143,23801.0430258337,24471.2222909568,0.529785857344119,0.515276917319545,0.705094913483153,1,0,0.992142178505561,-2109,0
delete r=8 mm,BraTS20_Training_100,TC,75090,75.09,11573.7184957134,11890.1990723374,0.743702564573574,0.723907486708092,0.789098284245764,1,0,0.986151330693615,-2109,0
delete r=8 mm,BraTS20_Training_100,ET,29880,29.88,20455.514511897,20532.5490629472,0.227646395888419,0.226792306225626,0.770197505055099,26,0.00602409638554213,0.997746055597295,-135,0
3 blobs r=3,BraTS20_Training_100,WT,135621,135.621,23372.2693644381,24009.3481546343,0.546178419617115,0.531685785974591,0.711117085241777,4,0.00272081757249987,0.99863773798053,369,3
3 blobs r=3,BraTS20_Training_100,TC,77568,77.568,11144.9448343179,11428.3249360148,0.789213666643331,0.769644092767359,0.821195230676928,4,0.00475711633663367,0.997615770803854,369,3
3 blobs r=3,BraTS20_Training_100,ET,30384,30.384,20936.908601707,21003.4636377585,0.224906254077714,0.224193579058655,0.762279999931813,28,0.0173775671406003,0.993890627328267,369,3
dilate 1 mm,BraTS20_Training_103,WT,68109,68.109,11500.0494220769,11740.970318682,0.701327314500805,0.686936305850155,0.922995519497152,3,0.000205552863791869,0.921617834495753,0,0
dilate 1 mm,BraTS20_Training_103,TC,58832,58.832,8870.11490454712,9087.5123549111,0.824702454390214,0.804973379601506,0.903574793430375,1,0,0.930910412502271,0,0
dilate 1 mm,BraTS20_Training_103,ET,51678,51.678,13975.2492111642,13986.3158125066,0.480096303109558,0.4797164293484,0.896596436221865,1,0,0.838030781683886,0,0
dilate 2 mm,BraTS20_Training_103,WT,78760,78.76,12007.5499044207,12369.4884053233,0.740003083157195,0.718350158007443,0.920037396053622,3,0.000837988826815628,0.84995035336721,0,0
dilate 2 mm,BraTS20_Training_103,TC,66965,66.965,9201.76255902352,9501.20508476805,0.866652546268267,0.839338892359929,0.900082643270536,1,0,0.866853366950665,0,0
dilate 2 mm,BraTS20_Training_103,ET,63512,63.512,11380.3277485787,11593.1758198623,0.676446126187107,0.664026729162215,0.896405083559404,1,0,0.739628707222448,0,0
erode 1 mm,BraTS20_Training_103,WT,48896,48.896,9635.03874213374,9761.96429841418,0.671139625006101,0.662413433469057,0.929099735949821,1,0,0.913056468479235,0,0
erode 1 mm,BraTS20_Training_103,TC,43945,43.945,7892.7332125405,7999.40100058241,0.763009034870661,0.752834712318295,0.929743239405158,3,4.55114347479579e-05,0.923476195979952,0,0
erode 1 mm,BraTS20_Training_103,ET,21688,21.688,17079.6059722072,17332.7914631048,0.220200996637918,0.216984452000627,0.907062720464781,8,0.00092216894135011,0.73569768822402,0,0
erode 2 mm,BraTS20_Training_103,WT,40599,40.599,8033.39766743704,8206.67416314282,0.711096295783811,0.696082141231877,0.923454209617979,4,9.85245942017876e-05,0.821783881708786,0,0
erode 2 mm,BraTS20_Training_103,TC,37037,37.037,7000.06424755007,7152.19294965413,0.767607659181682,0.751280477051886,0.941297227456014,1,0,0.839222794992353,0,0
erode 2 mm,BraTS20_Training_103,ET,7671,7.671,9412.21033718277,8964.07611106342,0.199845246398118,0.20983595751309,0.879823958381838,16,0.00886455481684267,0.341373325619688,0,0
shift 2 vox,BraTS20_Training_103,WT,58208,58.208,11434.0788406502,11469.1471663605,0.635240326495435,0.633298001198643,0.926558162827576,5,6.87190764155909e-05,0.905923584387026,0,0
shift 2 vox,BraTS20_Training_103,TC,51228,51.228,8860.25492087273,8964.98250899159,0.752851825452274,0.7440571227508,0.913909550576097,4,7.80822987428431e-05,0.913855703911923,0,0
shift 2 vox,BraTS20_Training_103,ET,37271,37.271,18039.2250591386,18181.9121166364,0.299121027806484,0.296773601473124,0.902365265968767,3,8.04915349735813e-05,0.764293955085724,0,0
delete r=8 mm,BraTS20_Training_103,WT,56099,56.099,12218.9712539147,12294.4471034871,0.579988738730178,0.576428176597565,0.948993080837957,5,7.1302518761529e-05,0.981549686370913,-2109,0
delete r=8 mm,BraTS20_Training_103,TC,49119,49.119,9645.14733413727,9790.28244611824,0.672473130276171,0.662504116245782,0.917504013044754,4,8.14348826320144e-05,0.978982929235553,-2109,0
delete r=8 mm,BraTS20_Training_103,ET,35920,35.92,17921.4436226538,18087.8352323062,0.29376633118723,0.291063948504055,0.905875205052753,3,8.35189309577045e-05,0.981541446352694,-1351,0
3 blobs r=3,BraTS20_Training_103,WT,58577,58.577,11798.8699703766,11827.3854833975,0.618199230202608,0.616708768238462,0.872241182317318,8,0.00636768697611689,0.996840347647386,369,3
3 blobs r=3,BraTS20_Training_103,TC,51597,51.597,9225.04605059919,9323.22082602854,0.726549512714604,0.718898848144917,0.886491815610948,7,0.00722910246719766,0.996411378555799,369,3
3 blobs r=3,BraTS20_Training_103,ET,37640,37.64,18404.0161888651,18540.1504336734,0.295124044750135,0.29295704566884,0.880932388766831,6,0.00988310308182783,0.995074154663534,369,3
dilate 1 mm,BraTS20_Training_104,WT,196062,196.062,29780.800904729,30546.6694821259,0.548037197690726,0.534296764574062,0.838774352622648,2,3.5702991910691e-05,0.927881841819619,0,0
dilate 1 mm,BraTS20_Training_104,TC,67300,67.3,10081.3739293731,10377.0711053647,0.793672093909833,0.771056213720754,0.790202539650991,3,0.000356612184249649,0.932601644713365,0,0
dilate 1 mm,BraTS20_Training_104,ET,50197,50.197,16014.2733545951,16354.4251466785,0.410924525273786,0.402377803977911,0.801384875857999,3,0.000478116222084934,0.834105610331092,0,0
dilate 2 mm,BraTS20_Training_104,WT,222990,222.99,28877.8197529411,29722.6187393899,0.61580514750239,0.598302262947654,0.84059014777068,2,0.000147988699044754,0.864251607563507,0,0
dilate 2 mm,BraTS20_Training_104,TC,76601,76.601,10572.2466206418,10939.5405129384,0.825036442067688,0.797335932550384,0.793749330456413,2,0.000430803775407607,0.868539607982157,0,0
dilate 2 mm,BraTS20_Training_104,ET,64401,64.401,14865.5283606473,15280.9171679393,0.522675546526837,0.508467395963204,0.801720351006432,2,0.000512414403503025,0.715998923369852,0,0
erode 1 mm,BraTS20_Training_104,WT,143563,143.563,29071.792287749,29791.6854364475,0.456079621448725,0.445058808428852,0.822088378166319,1,0,0.916609204208806,0,0
erode 1 mm,BraTS20_Training_104,TC,50622,50.622,9119.05475864233,9386.57140539833,0.72570564373122,0.705023082233714,0.780780740050728,1,0,0.925253374519068,0,0
erode 1 mm,BraTS20_Training_104,ET,21460,21.46,16470.7961295811,17014.6577249929,0.226737147125913,0.219489653313923,0.81316824848739,2,4.6598322460345e-05,0.748100118524716,0,0
erode 2 mm,BraTS20_Training_104,WT,117839,117.839,26649.6104294536,27382.5022403525,0.436166820344908,0.424492829121946,0.811624762189631,2,8.4861548383941e-06,0.819681139661385,0,0
erode 2 mm,BraTS20_Training_104,TC,42631,42.631,8430.42180736474,8709.68023597136,0.700032978195169,0.677587824737501,0.779408088490503,1,0,0.840582853537345,0,0
erode 2 mm,BraTS20_Training_104,ET,7477,7.477,9251.67028265383,8670.57909988724,0.199870591730858,0.213265664564073,0.942879253981183,16,0.0121706566804868,0.344649565558091,0,0
shift 2 vox,BraTS20_Training_104,WT,169685,169.685,31006.122432493,31683.4172721974,0.478041538488336,0.467822468228304,0.832303557425624,3,1.17865456581434e-05,0.903821787429649,0,0
shift 2 vox,BraTS20_Training_104,TC,58801,58.801,9889.47678491302,10137.2011620462,0.739436045031902,0.721366330249958,0.785662695799734,3,6.80260539787092e-05,0.92357272835496,0,0
shift 2 vox,BraTS20_Training_104,ET,35912,35.912,17164.9912970909,17491.0449748962,0.306666920323032,0.300950287761852,0.80228173058223,3,0.000111383381599439,0.781994876364446,0,0
delete r=8 mm,BraTS20_Training_104,WT,167678,167.678,31565.3219888833,32275.3707231089,0.465862719428222,0.455613875593376,0.833077665400538,3,1.19276231825838e-05,0.994050918446896,-2007,0
delete r=8 mm,BraTS20_Training_104,TC,56932,56.932,10260.1759334383,10520.8334253016,0.697536509567289,0.680254787700119,0.769458121564266,3,7.02592566570459e-05,0.983850759938825,-1869,0
delete r=8 mm,BraTS20_Training_104,ET,34958,34.958,17016.2487165422,17329.3776398741,0.303844480624411,0.298354237578443,0.786659009017125,3,0.000114423021912002,0.986538732891209,-954,0
3 blobs r=3,BraTS20_Training_104,WT,170054,170.054,31370.9135622194,32041.6555892343,0.473167448347087,0.463262426662488,0.83521107628223,6,0.0021816599433121,0.99891387211948,369,3
3 blobs r=3,BraTS20_Training_104,TC,59170,59.17,10254.2679146395,10495.4394790832,0.716111273196452,0.699655966449482,0.861872887571972,6,0.00630387020449552,0.996872112637852,369,3
3 blobs r=3,BraTS20_Training_104,ET,36281,36.281,17529.7824268174,17849.2832919332,0.302338716155717,0.296926875254888,0.902900783881125,6,0.0102808632617624,0.994888701120607,369,3
dilate 1 mm,BraTS20_Training_107,WT,42013,42.013,9438.76730716918,9698.6666588908,0.619191008157285,0.602598279767716,0.883164823219839,4,0.00928284102539689,0.899088098108066,0,0
dilate 1 mm,BraTS20_Training_107,TC,12669,12.669,3145.42046702327,3226.22463561134,0.835539476172439,0.814612516546199,0.738853731078011,1,0,0.8889278666959,0,0
dilate 1 mm,BraTS20_Training_107,ET,12344,12.344,3399.34988490897,3485.72677048408,0.759845913841136,0.741016806491033,0.73712569603312,1,0,0.871921407356637,0,0
dilate 2 mm,BraTS20_Training_107,WT,50831,50.831,10182.5680674765,10515.1435120216,0.651697274991807,0.631085239531574,0.873442891797767,3,0.0021640337589266,0.80597120105236,0,0
dilate 2 mm,BraTS20_Training_107,TC,15631,15.631,3460.8297734882,3576.62525791167,0.87356467040553,0.8452824666826,0.749827986449899,1,0,0.786742732953002,0,0
dilate 2 mm,BraTS20_Training_107,ET,15510,15.51,3584.26897670917,3699.755509096,0.83912127011585,0.812928402641374,0.748587934062859,1,0,0.76172607879925,0,0
erode 1 mm,BraTS20_Training_107,WT,27176,27.176,7597.71112259173,7751.99877174213,0.575340619689326,0.563889643717015,0.858370998435384,2,0.00154548130703558,0.883959210890107,0,0
erode 1 mm,BraTS20_Training_107,TC,7829,7.829,2417.8337394931,2473.96432574077,0.788609285254403,0.770716908617795,0.718663405463368,1,0,0.871583634845533,0,0
erode 1 mm,BraTS20_Training_107,ET,6923,6.923,2805.52248578195,2870.97110839852,0.62613299721579,0.611859240812363,0.712884593191686,1,0,0.840986394557823,0,0
erode 2 mm,BraTS20_Training_107,WT,20732,20.732,6291.4758593782,6444.41191585408,0.580086007856271,0.566319652195466,0.802452859960217,1,0,0.753301963919118,0,0
erode 2 mm,BraTS20_Training_107,TC,5789,5.789,1984.33363413403,2033.63717185838,0.785727217288445,0.766678031900458,0.705688270664394,1,0,0.727032967032967,0,0
erode 2 mm,BraTS20_Training_107,ET,4521,4.521,2305.35843683691,2361.53823135886,0.573546547905358,0.55990216697507,0.682323964340881,1,0,0.643009529227706,0,0
shift 2 vox,BraTS20_Training_107,WT,34311,34.311,8873.90773179362,9083.42390505899,0.575428630297659,0.562155925437969,0.884023777478791,4,0.00512955028999451,0.856256011191746,0,0
shift 2 vox,BraTS20_Training_107,TC,10136,10.136,2888.16312395358,2951.13135578975,0.784224020501734,0.76749104796306,0.728816279409975,1,0,0.853196527229676,0,0
shift 2 vox,BraTS20_Training_107,ET,9541,9.541,3227.11551105454,3300.45279763184,0.674112237137212,0.659133212939177,0.725956077788149,1,0,0.828319882611885,0,0
delete r=8 mm,BraTS20_Training_107,WT,33034,33.034,9057.7278597153,9268.59051147655,0.549674553948688,0.537169326329905,0.909203356567956,4,0.00532784403947451,0.98103793897097,-1277,0
delete r=8 mm,BraTS20_Training_107,TC,8904,8.904,2993.60155793077,3037.36947465519,0.693979906173662,0.683979787651605,0.774792033328131,1,0,0.935294117647059,-1232,0
delete r=8 mm,BraTS20_Training_107,ET,8309,8.309,3326.57581897367,3378.021940075,0.596374690492749,0.587292107521668,0.772082581236636,1,0,0.930980392156863,-1232,0
3 blobs r=3,BraTS20_Training_107,WT,34680,34.68,9238.69886152008,9441.66222209594,0.556663448439469,0.54469709319954,0.926573616619808,7,0.0157151095732411,0.994651476279515,369,3
3 blobs r=3,BraTS20_Training_107,TC,10505,10.505,3252.95425368004,3309.36967282673,0.71307772976246,0.700921765640641,0.780378020654628,4,0.0351261304140885,0.982122959158955,369,3
3 blobs r=3,BraTS20_Training_107,ET,9910,9.91,3591.906640781,3658.69111466882,0.621166730960541,0.609828169703622,0.780914235962155,4,0.0372351160443996,0.981029252994705,369,3
dilate 1 mm,BraTS20_Training_111,WT,52280,52.28,10850.7918851863,11142.9174352987,0.623131553488798,0.606795378612485,0.816212694398647,1,0,0.906527786492648,0,0
dilate 1 mm,BraTS20_Training_111,TC,31163,31.163,6633.83538397338,6828.30299396408,0.721903156022468,0.701343614139144,0.725908560115305,2,0.139973686743895,0.908724808712552,0,0
dilate 1 mm,BraTS20_Training_111,ET,26146,26.146,9399.70745688823,9526.5794836341,0.453217452091442,0.447181642827244,0.711237556798428,2,0.164269869196053,0.803824686613597,0,0
dilate 2 mm,BraTS20_Training_111,WT,62273,62.273,11311.0217562858,11676.1614746953,0.671710513184498,0.650704621122414,0.807082135364431,1,0,0.820754627657056,0,0
dilate 2 mm,BraTS20_Training_111,TC,37348,37.348,7330.42201456519,7592.85649037265,0.737111827938606,0.71163478166204,0.72633851125641,1,0,0.81993111946665,0,0
dilate 2 mm,BraTS20_Training_111,ET,34411,34.411,8810.46073965443,9054.05267921782,0.580698048610591,0.565074838875308,0.7207868969026,1,0,0.676016236701872,0,0
erode 1 mm,BraTS20_Training_111,WT,35072,35.072,8921.39318092142,9125.74709597512,0.580798027721721,0.5677921500032,0.853153822277317,1,0,0.894534139311858,0,0
erode 1 mm,BraTS20_Training_111,TC,21239,21.239,5103.11493895586,5234.49539905574,0.726783095891843,0.708541586395377,0.731955262674404,2,0.104148029568247,0.90016741189684,0,0
erode 1 mm,BraTS20_Training_111,ET,8911,8.911,9090.670978909,9315.92464948003,0.228650671289848,0.223122030288073,0.676048126722112,3,0.173381214229604,0.673010837959292,0,0
erode 2 mm,BraTS20_Training_111,WT,27426,27.426,7678.18082153845,7880.54126131694,0.572797046606813,0.558088480480252,0.89275656152319,1,0,0.775096088627628,0,0
erode 2 mm,BraTS20_Training_111,TC,16972,16.972,4344.12733832631,4475.42358673785,0.735196774044177,0.713628183629113,0.756703316058134,2,0.0816049964647655,0.790829877452122,0,0
erode 2 mm,BraTS20_Training_111,ET,1988,1.988,3131.64472930654,2569.67982542536,0.244149528769049,0.297542743406061,0.65085774364736,31,0.275150905432596,0.203292770221904,0,0
shift 2 vox,BraTS20_Training_111,WT,43342,43.342,10255.9558264017,10493.6219410778,0.581809240696895,0.56863206102571,0.830564992045784,3,0.000230723086152018,0.885445987725532,0,0
shift 2 vox,BraTS20_Training_111,TC,25950,25.95,6026.54246822626,6177.58231851647,0.703354296327341,0.6861575157519,0.726128943171925,4,0.12354527938343,0.88990366088632,0,0
shift 2 vox,BraTS20_Training_111,ET,17570,17.57,10454.7855957255,10616.4648852617,0.312620054633983,0.307859130081954,0.696935763852325,4,0.165623221400114,0.725782583949915,0,0
delete r=8 mm,BraTS20_Training_111,WT,41415,41.415,10741.3918074281,10989.8104308363,0.538925429579723,0.526743316505215,0.844674124024664,3,0.000241458408789086,0.977264414738606,-1927,0
delete r=8 mm,BraTS20_Training_111,TC,24042,24.042,6463.80934801504,6618.15650014708,0.623221816806157,0.608687178260143,0.749657311746473,5,0.133516346393811,0.961833893422948,-1908,0
delete r=8 mm,BraTS20_Training_111,ET,16795,16.795,10121.8774915997,10275.1381739294,0.31333558516346,0.308661971556766,0.710791550942762,4,0.17326585293242,0.977447984868325,-775,0
3 blobs r=3,BraTS20_Training_111,WT,43711,43.711,10620.7469561282,10851.8602581148,0.565010116905274,0.552977032192801,0.834582647760767,6,0.00867058635126172,0.995761202945332,369,3
3 blobs r=3,BraTS20_Training_111,TC,26319,26.319,6391.33359795272,6535.82063555342,0.669481983626111,0.654681781182521,0.718680597471561,7,0.135833428321745,0.992940366182632,369,3
3 blobs r=3,BraTS20_Training_111,ET,17939,17.939,10819.5767254519,10974.7032022986,0.306294599892847,0.301965152318483,0.701136168102353,7,0.182786108478733,0.98960826832634,369,3
dilate 1 mm,BraTS20_Training_122,WT,20582,20.582,4956.12377479835,5117.52685527105,0.732825145838262,0.709712372944003,0.829172394138698,1,0,0.89245836360212,0,0
dilate 1 mm,BraTS20_Training_122,TC,7117,7.117,1937.3587121505,2004.17261164142,0.923574772514409,0.892785192981844,0.839451744060318,2,0.02051426162709,0.887186302869205,0,0
dilate 1 mm,BraTS20_Training_122,ET,5712,5.712,2604.60294289144,2685.61677294158,0.593291414071966,0.575394292533964,0.847160233576403,2,0.0255602240896359,0.774643355143194,0,0
dilate 2 mm,BraTS20_Training_122,WT,25202,25.202,5155.07414010668,5318.5019900944,0.806379008228402,0.781600454448514,0.851777641925776,1,0,0.793787541579917,0,0
dilate 2 mm,BraTS20_Training_122,TC,9018,9.018,2298.80967854668,2385.89618346772,0.911425681204427,0.878158149439483,0.853272673416471,2,0.0322687957418496,0.772393139123332,0,0
dilate 2 mm,BraTS20_Training_122,ET,8141,8.141,2779.50501030185,2873.30286204818,0.704101332833398,0.681116219323844,0.855252435887402,2,0.0357449944724235,0.614533696392103,0,0
erode 1 mm,BraTS20_Training_122,WT,12927,12.927,3957.5482627504,4069.39798895234,0.673064064585701,0.654564514641299,0.749243260824241,1,0,0.876050420168067,0,0
erode 1 mm,BraTS20_Training_122,TC,4420,4.42,1364.0060540188,1407.39462644579,0.95488119249253,0.92544315784246,0.781604673748295,2,0.00294117647058822,0.875767782841292,0,0
erode 1 mm,BraTS20_Training_122,ET,1583,1.583,2178.13052480394,2260.18664342993,0.301569558162053,0.2906210696775,0.806298689454788,2,0.0082122552116235,0.609549480169426,0,0
erode 2 mm,BraTS20_Training_122,WT,9580,9.58,3287.07458652183,3374.89711343342,0.663618124029029,0.646349265572699,0.676399835960658,1,0,0.732275941142748,0,0
erode 2 mm,BraTS20_Training_122,TC,3270,3.27,1099.75129942187,1137.50344451005,0.96877177182365,0.936619594470928,0.765212857260214,1,0,0.731216457960644,0,0
erode 2 mm,BraTS20_Training_122,ET,82,0.082,201.253108367334,82.4137809221318,0.453541914809898,1.107541956079,0.718469194844872,11,0.682926829268293,0.0444083401028974,0,0
shift 2 vox,BraTS20_Training_122,WT,16585,16.585,4565.4527748286,4696.2204658558,0.688880545732068,0.669698456855725,0.796916129326724,1,0,0.85655712993669,0,0
shift 2 vox,BraTS20_Training_122,TC,5674,5.674,1643.21828027513,1697.95331636383,0.93622827792598,0.906048126277712,0.813849129079877,2,0.010927035600987,0.842262953824462,0,0
shift 2 vox,BraTS20_Training_122,ET,3611,3.611,2502.60801804513,2578.22071523653,0.454823558528859,0.441484733112044,0.833158109707604,2,0.0171697590695098,0.625034616449737,0,0
delete r=8 mm,BraTS20_Training_122,WT,15763,15.763,4591.68512768166,4719.37031678411,0.662121884760622,0.64420780885862,0.834142369172341,1,0,0.974588846296525,-822,0
delete r=8 mm,BraTS20_Training_122,TC,5674,5.674,1643.21828027513,1697.95331636383,0.93622827792598,0.906048126277712,0.813849129079877,2,0.010927035600987,1,0,0
delete r=8 mm,BraTS20_Training_122,ET,3611,3.611,2502.60801804513,2578.22071523653,0.454823558528859,0.441484733112044,0.833158109707604,2,0.0171697590695098,1,0,0
3 blobs r=3,BraTS20_Training_122,WT,16954,16.954,4930.24390455505,5054.45878289278,0.647337111392835,0.631428602887966,0.858430017661938,4,0.0217647752742716,0.98899788306151,369,3
3 blobs r=3,BraTS20_Training_122,TC,6043,6.043,2008.00941000159,2056.19163340081,0.799012260884097,0.780289206754675,0.871082214676289,5,0.0713221909647526,0.968507297089699,369,3
3 blobs r=3,BraTS20_Training_122,ET,3980,3.98,2867.39914777159,2936.4590322735,0.423563004932316,0.413601615422563,0.879838982638551,5,0.108291457286432,0.951389803714926,369,3
dilate 1 mm,BraTS20_Training_130,WT,129162,129.162,20608.3390767943,21103.4941672079,0.599603704372033,0.585535094496424,0.60563398213166,1,0,0.927608910438963,0,0
dilate 1 mm,BraTS20_Training_130,TC,65934,65.934,9019.50897573952,9268.76387141426,0.875066071015138,0.851533860542923,0.911868158507004,1,0,0.941737288135593,0,0
dilate 1 mm,BraTS20_Training_130,ET,45271,45.271,15225.1858776615,15438.1800419164,0.403461017624594,0.397894633373016,0.886958122447117,1,0,0.82039189118766,0,0
dilate 2 mm,BraTS20_Training_130,WT,148023,148.023,21088.7115296383,21731.2357343808,0.641682525895487,0.622709994388876,0.622945293923737,1,0,0.860252476448236,0,0
dilate 2 mm,BraTS20_Training_130,TC,74186,74.186,9500.60929251492,9832.64263007618,0.898698402327418,0.868350728643743,0.916043888291791,1,0,0.883245521601686,0,0
dilate 2 mm,BraTS20_Training_130,ET,58665,58.665,14297.4596921742,14674.2985405426,0.510675034583815,0.497560800101574,0.903326081312532,1,0,0.698502495840266,0,0
erode 1 mm,BraTS20_Training_130,WT,95166,95.166,17774.9685932748,18205.9186271766,0.567104586186238,0.553680724108882,0.562168470374963,2,1.05079545216213e-05,0.919967132292523,0,0
erode 1 mm,BraTS20_Training_130,TC,51894,51.894,7590.3392174612,7815.71913156899,0.886409436700421,0.860848272162031,0.898609856782212,1,0,0.938680269155633,0,0
erode 1 mm,BraTS20_Training_130,ET,17561,17.561,14292.3200695828,14286.6907114121,0.228602453027782,0.228692528827195,0.778009352911794,8,0.000683332384260549,0.716103250010194,0,0
erode 2 mm,BraTS20_Training_130,WT,79680,79.68,15920.1204857546,16367.3053700406,0.562475993166423,0.547108114567531,0.539193302996331,1,0,0.832584480993083,0,0
erode 2 mm,BraTS20_Training_130,TC,45367,45.367,6900.08786828982,7131.47276605487,0.891503140816887,0.862577788388002,0.893168537115286,1,0,0.872098499629954,0,0
erode 2 mm,BraTS20_Training_130,ET,6687,6.687,6288.87493061527,5806.70124070344,0.272938865564787,0.29560301418797,0.53694569005577,19,0.0170480035890533,0.350361521534109,0,0
shift 2 vox,BraTS20_Training_130,WT,111724,111.724,20167.009182676,20509.1579445665,0.556254596279877,0.546974750567659,0.585553378248813,2,1.79012566682291e-05,0.898902652966238,0,0
shift 2 vox,BraTS20_Training_130,TC,58674,58.674,8536.96338162432,8721.01584285605,0.855351268129389,0.837299528635548,0.905757114950099,4,0.000102259944779637,0.921549579029894,0,0
shift 2 vox,BraTS20_Training_130,ET,31485,31.485,16839.0140793519,16943.6951582614,0.286354005816454,0.28458486124681,0.861146247900883,4,0.000190566936636438,0.728410354136891,0,0
delete r=8 mm,BraTS20_Training_130,WT,109615,109.615,20960.573973798,21329.2822869718,0.528438290533469,0.5193034500781,0.58665444408265,2,1.82456780549733e-05,0.990471629491414,-2109,0
delete r=8 mm,BraTS20_Training_130,TC,56565,56.565,9330.52817274632,9541.14014734355,0.763735697472523,0.746876927888276,0.898034409014178,4,0.000106072659771916,0.981698904016869,-2109,0
delete r=8 mm,BraTS20_Training_130,ET,31295,31.295,16784.1828962168,16894.670556472,0.286132523493318,0.284261275815656,0.860904983584374,4,0.000191723917558728,0.996973558458108,-190,0
3 blobs r=3,BraTS20_Training_130,WT,112093,112.093,20531.8003124025,20867.3962616035,0.547573918956909,0.538767665086693,0.580997260670831,5,0.00330975172401493,0.998351331668283,369,3
3 blobs r=3,BraTS20_Training_130,TC,59043,59.043,8901.75451135078,9079.25415989303,0.823734878447462,0.807630840732305,0.849742050572283,7,0.00635130328743461,0.996865363541375,369,3
3 blobs r=3,BraTS20_Training_130,ET,31854,31.854,17203.8052090783,17301.9334752984,0.282467785429443,0.280865763661946,0.744256870944935,7,0.0117724618572236,0.994174205465827,369,3
dilate 1 mm,BraTS20_Training_131,WT,73666,73.666,12379.8908931565,12515.2058068074,0.686454937450617,0.679032958777614,0.934634558270358,1,0,0.922436680392315,0,0
dilate 1 mm,BraTS20_Training_131,TC,12886,12.886,4510.41061618807,4539.56555080536,0.589314049650436,0.585529235356134,0.440066597548498,1,0,0.839674035387871,0,0
dilate 1 mm,BraTS20_Training_131,ET,11890,11.89,4480.70626019818,4489.13228425248,0.562244937346559,0.561189613273551,0.443035020424756,1,0,0.817444925157889,0,0
dilate 2 mm,BraTS20_Training_131,WT,84917,84.917,12594.4758298066,12881.8943617058,0.741823275563454,0.725271846805821,0.936294006109598,1,0,0.852302369271108,0,0
dilate 2 mm,BraTS20_Training_131,TC,17145,17.145,5024.28211020124,5136.72547429515,0.639982994304989,0.625973711308914,0.47075272778049,1,0,0.704571212693615,0,0
dilate 2 mm,BraTS20_Training_131,ET,16096,16.096,4915.40640565674,5020.11561151549,0.627196080437144,0.614114070263982,0.474018696493366,1,0,0.676043594488999,0,0
erode 1 mm,BraTS20_Training_131,WT,52970,52.97,10611.2583771177,10701.786231773,0.642792129222441,0.637354663813625,0.930052435023551,1,0,0.913031862174764,0,0
erode 1 mm,BraTS20_Training_131,TC,6343,6.343,2810.07970770386,2827.08750035442,0.589696603835315,0.58614898192283,0.364078154366843,2,0.376793315465868,0.8096757722747,0,0
erode 1 mm,BraTS20_Training_131,ET,5014,5.014,3196.16920060499,3169.64792679377,0.443245071571086,0.446953819097662,0.383768285719974,2,0.332070203430395,0.757802463538124,0,0
erode 2 mm,BraTS20_Training_131,WT,43816,43.816,9330.73572328958,9519.07205097249,0.644154513423477,0.631409815739825,0.934035150483732,1,0,0.819933194232623,0,0
erode 2 mm,BraTS20_Training_131,TC,4112,4.112,2019.91992822418,2038.52202259984,0.61449550149831,0.608888054933809,0.330345131433822,3,0.31079766536965,0.612041378283843,0,0
erode 2 mm,BraTS20_Training_131,ET,2362,2.362,2223.77103437311,2167.30200554729,0.385697938493455,0.395747293844531,0.421562712216197,6,0.216342082980525,0.446460636990833,0,0
shift 2 vox,BraTS20_Training_131,WT,63061,63.061,12430.5314057555,12421.0577345377,0.616360783064977,0.616830887909115,0.93251195972582,1,0,0.897258210304309,0,0
shift 2 vox,BraTS20_Training_131,TC,9325,9.325,3974.83295417823,3936.56639967175,0.539011216931494,0.54425083440982,0.404741434733087,4,0.000536193029490595,0.805361930294906,0,0
shift 2 vox,BraTS20_Training_131,ET,8219,8.219,4157.1028291323,4047.83151092107,0.473775586093161,0.486565170513615,0.412052251853166,7,0.000973354422679207,0.771261710670398,0,0
delete r=8 mm,BraTS20_Training_131,WT,61449,61.449,12753.0130251662,12761.8226599764,0.590492701893019,0.590085077903847,0.913531573591483,1,0,0.987053248735041,-1612,0
delete r=8 mm,BraTS20_Training_131,TC,9325,9.325,3974.83295417823,3936.56639967175,0.539011216931494,0.54425083440982,0.404741434733087,4,0.000536193029490595,1,0,0
delete r=8 mm,BraTS20_Training_131,ET,8219,8.219,4157.1028291323,4047.83151092107,0.473775586093161,0.486565170513615,0.412052251853166,7,0.000973354422679207,1,0,0
3 blobs r=3,BraTS20_Training_131,WT,63430,63.43,12795.322535482,12779.2960515747,0.601122099196492,0.601875964950148,0.936305469134769,4,0.00581743654422195,0.997082796404487,369,3
3 blobs r=3,BraTS20_Training_131,TC,9694,9.694,4339.62408390469,4294.80471670873,0.506641418128629,0.511928584659729,0.764917803210117,7,0.0385805652981226,0.980598349019402,369,3
3 blobs r=3,BraTS20_Training_131,ET,8588,8.588,4521.89395885876,4406.06982795804,0.448495862939051,0.460285654196526,0.819124254592917,10,0.0438984629715883,0.978044862259773,369,3
dilate 1 mm,BraTS20_Training_132,WT,202430,202.43,33515.1240757016,33750.6403237229,0.497461959673757,0.493990607037128,0.982928342959534,1,0,0.924268914172145,0,0
dilate 1 mm,BraTS20_Training_132,TC,30841,30.841,6095.22323142351,6179.08093216026,0.780273413886045,0.769684147431555,0.779561857395228,1,0,0.908379789399168,0,0
dilate 1 mm,BraTS20_Training_132,ET,27188,27.188,6421.15408852846,6448.28008195722,0.680961471119358,0.678096869061748,0.769672052765342,1,0,0.877410297700153,0,0
dilate 2 mm,BraTS20_Training_132,WT,232790,232.79,32407.7304438753,33008.2612181693,0.564692110554558,0.554418470627037,0.979751321084924,1,0,0.855275645533269,0,0
dilate 2 mm,BraTS20_Training_132,TC,36519,36.519,6496.12496476156,6669.89592240463,0.819424613381489,0.798076124373542,0.79024698215685,1,0,0.825434604313076,0,0
dilate 2 mm,BraTS20_Training_132,ET,33020,33.02,6463.64567368736,6600.67249064789,0.770060114080296,0.754074032896872,0.78325547947724,1,0,0.783121429887599,0,0
erode 1 mm,BraTS20_Training_132,WT,146978,146.978,28256.0794243047,28341.8381593833,0.476658246271889,0.475215940094174,0.928469067678,8,0.000102056090027114,0.916019021146379,0,0
erode 1 mm,BraTS20_Training_132,TC,20900,20.9,4745.55406704503,4810.65652775357,0.773205122892189,0.762741362729242,0.752922070441075,1,0,0.897689201958595,0,0
erode 1 mm,BraTS20_Training_132,ET,15310,15.31,6362.4723354312,6369.507202005,0.468642507381704,0.468124910430216,0.714757903734928,1,0,0.837527352297593,0,0
erode 2 mm,BraTS20_Training_132,WT,122494,122.494,24428.0061052702,24789.087311776,0.488284174711206,0.481171761224379,0.906904782605551,1,0,0.826483864220604,0,0
erode 2 mm,BraTS20_Training_132,TC,16855,16.855,3971.03032971977,4057.55862964763,0.800571437822078,0.783499081804991,0.742490340609985,1,0,0.792822032503116,0,0
erode 2 mm,BraTS20_Training_132,ET,9736,9.736,5225.35590965378,5231.17452021936,0.421976848997465,0.421507486153134,0.656395502352655,1,0,0.628412831601368,0,0
shift 2 vox,BraTS20_Training_132,WT,173928,173.928,33700.9984856672,33544.6641289409,0.447116837622786,0.449200618307623,0.961926332711641,4,0.000120739616393029,0.911520859206108,0,0
shift 2 vox,BraTS20_Training_132,TC,25664,25.664,5911.04953940525,5916.1434583547,0.711818202936702,0.711205313094184,0.767058396035024,1,0,0.906327930174564,0,0
shift 2 vox,BraTS20_Training_132,ET,21250,21.25,7062.75790955247,6917.44807817203,0.525310111634379,0.536344921419927,0.749189921732882,3,9.41176470588001e-05,0.860282352941176,0,0
delete r=8 mm,BraTS20_Training_132,WT,171951,171.951,34288.1838166414,34155.2494401851,0.436123457534055,0.437820877428082,0.96887167462208,4,0.000122127815482265,0.994284128264509,-1977,0
delete r=8 mm,BraTS20_Training_132,TC,25188,25.188,5894.39115283703,5900.81050913919,0.704975939936573,0.704209012793955,0.782178018439624,1,0,0.990639502871077,-476,0
delete r=8 mm,BraTS20_Training_132,ET,20882,20.882,7027.26960248907,6886.96426271709,0.521849858199168,0.532481294470874,0.762585638834961,3,9.57762666411455e-05,0.99126554637805,-368,0
3 blobs r=3,BraTS20_Training_132,WT,174297,174.297,34065.7896153937,33902.9024459779,0.442954317627177,0.445082500460306,0.960198463755518,7,0.00223756002685072,0.998940340297222,369,3
3 blobs r=3,BraTS20_Training_132,TC,26033,26.033,6275.8406691317,6274.38177539167,0.676854043222537,0.677011422572714,0.671564377243202,4,0.0141743172127684,0.992862255063157,369,3
3 blobs r=3,BraTS20_Training_132,ET,21619,21.619,7427.54903927893,7275.68639520899,0.505276380900013,0.515822823259058,0.653789777548142,6,0.0171608307507285,0.991392381441135,369,3
dilate 1 mm,BraTS20_Training_134,WT,97410,97.41,19521.9108507881,19544.4470343364,0.524442036146106,0.52383731594265,0.956479480349244,2,0.0450775074427677,0.906071019473081,0,0
dilate 1 mm,BraTS20_Training_134,TC,55811,55.811,13137.0235891779,13204.9596782125,0.537609598655947,0.534843736854761,0.83765924905107,1,0,0.895673595377781,0,0
dilate 1 mm,BraTS20_Training_134,ET,32800,32.8,17870.575578732,17950.6016183141,0.277286129946178,0.276049953505831,0.935282274334755,1,0,0.717597841811002,0,0
dilate 2 mm,BraTS20_Training_134,WT,115255,115.255,19686.9142381232,20042.1414431211,0.581763305940659,0.571452124686594,0.986003713573347,2,0.0527786213179472,0.82355042692294,0,0
dilate 2 mm,BraTS20_Training_134,TC,68010,68.01,13995.5855368721,14269.5002680923,0.575715914546191,0.564664576585554,0.865827607277087,1,0,0.799216074013913,0,0
dilate 2 mm,BraTS20_Training_134,ET,49172,49.172,18107.8048059744,18416.62647293,0.35845136244048,0.352440622773578,0.902762315660806,1,0,0.543612830613393,0,0
erode 1 mm,BraTS20_Training_134,WT,65780,65.78,13802.7603718143,13684.8095529614,0.570927228310945,0.575848110390018,0.859286492872486,9,0.0280328367284889,0.89825347189032,0,0
erode 1 mm,BraTS20_Training_134,TC,36262,36.262,8074.44374781379,7989.22512090891,0.656154351863937,0.663153350146908,0.73400996878421,15,0.000717004026253409,0.889559415170248,0,0
erode 1 mm,BraTS20_Training_134,ET,6477,6.477,7884.48431777041,7105.00869862049,0.213121253647642,0.236502339890823,0.839235127776975,49,0.0250115794349236,0.521686601425637,0,0
erode 2 mm,BraTS20_Training_134,WT,54161,54.161,11207.3281062368,11376.9112661268,0.617693674789384,0.608486391479834,0.809754447226525,2,0.0176326138734514,0.803319415913321,0,0
erode 2 mm,BraTS20_Training_134,TC,29479,29.479,6491.44973177193,6576.45455855299,0.710914857748464,0.701725834422758,0.71773917987664,1,0,0.788788547728945,0,0
erode 2 mm,BraTS20_Training_134,ET,1338,1.338,1796.07231243231,1494.6908819036,0.326937232558708,0.392859097764811,0.662814893736739,26,0.24813153961136,0.135892748324193,0,0
shift 2 vox,BraTS20_Training_134,WT,80682,80.682,19178.1554098229,18942.888064796,0.470827398770058,0.476674992426085,0.914676499074095,9,0.0372573808284375,0.882179420440743,0,0
shift 2 vox,BraTS20_Training_134,TC,45266,45.266,11877.9074500921,11600.5383060511,0.517121109851196,0.529485487763736,0.788503581741315,9,0.00077320726372998,0.865108469933283,0,0
shift 2 vox,BraTS20_Training_134,ET,18354,18.354,16185.5672352375,15946.1471137847,0.207894668491166,0.211016059910947,0.968453319774644,13,0.00414078674948237,0.571755475645636,0,0
delete r=8 mm,BraTS20_Training_134,WT,78896,78.896,19493.0793633199,19262.1291741041,0.456359396335845,0.461831080591596,0.934124933758162,10,0.0381134658284323,0.988807981050019,-1786,0
delete r=8 mm,BraTS20_Training_134,TC,43904,43.904,12031.5218624735,11765.9063411992,0.500226029145024,0.511518639644657,0.808200318084264,9,0.000797193877551061,0.984725804642817,-1362,0
delete r=8 mm,BraTS20_Training_134,ET,18008,18.008,15832.1103498457,15580.8385349324,0.20985644145575,0.213240791328679,0.981014037864868,13,0.00422034651266101,0.990484571805731,-346,0
3 blobs r=3,BraTS20_Training_134,WT,81051,81.051,19542.9465395494,19301.126381833,0.463446562773532,0.469252997003634,0.922752105286306,12,0.041640448606433,0.997718461909443,369,3
3 blobs r=3,BraTS20_Training_134,TC,45635,45.635,12242.6985798185,11958.7766230881,0.504435532357973,0.516411700816118,0.799899521847223,12,0.00885285416894932,0.995940638716846,369,3
3 blobs r=3,BraTS20_Training_134,ET,18723,18.723,16550.3583649639,16304.3854308217,0.206028364029701,0.209136570802163,0.936992684115166,16,0.0237675586177429,0.990047738490169,369,3
dilate 1 mm,BraTS20_Training_135,WT,241385,241.385,28136.956389681,28510.0488128777,0.666316436306807,0.657596787474595,0.750962133220482,1,0,0.947674735430994,0,0
dilate 1 mm,BraTS20_Training_135,TC,123083,123.083,16661.6365587568,16642.2340022042,0.718177590544287,0.719014886866011,0.750719139055725,3,0.000170616575806526,0.932164422543032,0,0
dilate 1 mm,BraTS20_Training_135,ET,59964,59.964,17123.505280954,16564.681672679,0.43266508431488,0.447261408492378,0.954869573073662,5,0.000550330198118898,0.839515013111677,0,0
dilate 2 mm,BraTS20_Training_135,WT,266886,266.886,28614.0179001847,29290.6201856467,0.700576892138378,0.684393830005917,0.756891535776057,1,0,0.897771059706855,0,0
dilate 2 mm,BraTS20_Training_135,TC,138224,138.224,16692.1326898099,16993.2632165356,0.774511612919923,0.760786815805804,0.759912414371902,1,0,0.874713537320541,0,0
dilate 2 mm,BraTS20_Training_135,ET,74943,74.943,14841.6742384056,14944.2974930143,0.579191187772554,0.575213852286715,0.950974839830247,1,0,0.733236422643295,0,0
erode 1 mm,BraTS20_Training_135,WT,194440,194.44,24879.8890582443,25211.821652204,0.652368165401234,0.643779247855112,0.736505801887524,1,0,0.944296051673061,0,0
erode 1 mm,BraTS20_Training_135,TC,91568,91.568,16796.253424662,16702.3576925488,0.584925908319732,0.588214189375894,0.713081682685173,4,3.27625371309148e-05,0.920221292076397,0,0
erode 1 mm,BraTS20_Training_135,ET,28125,28.125,13571.1124515296,13113.5838353732,0.329556864942547,0.341054995297673,0.805538092840533,21,0.00131555555555551,0.786669277243231,0,0
erode 2 mm,BraTS20_Training_135,WT,172808,172.808,22607.1015640648,23100.5165752475,0.663664317958692,0.649488793536957,0.7259858380104,1,0,0.885767886249705,0,0
erode 2 mm,BraTS20_Training_135,TC,76709,76.709,15243.3357803193,15460.8217502912,0.572754252346813,0.56469737049803,0.693779687481022,2,1.30362799671824e-05,0.833096212952203,0,0
erode 2 mm,BraTS20_Training_135,ET,16979,16.979,9249.23012419257,9175.82854282864,0.345398100658593,0.348161095484631,0.732737560965789,4,0.000235585134577998,0.562609761754863,0,0
shift 2 vox,BraTS20_Training_135,WT,217380,217.38,28124.1152885888,28231.1579381731,0.621658168424997,0.619301058680167,0.744488550686496,2,4.6002392124489e-06,0.938508602447327,0,0
shift 2 vox,BraTS20_Training_135,TC,107445,107.445,19059.9992956231,18558.493175093,0.573436567950544,0.588932543073619,0.735161204112486,16,0.000195448834287348,0.928959002280236,0,0
shift 2 vox,BraTS20_Training_135,ET,43379,43.379,19598.0634350651,18420.193121237,0.30464261610384,0.324122840413863,0.897506828399135,50,0.00212084188201667,0.806957283478181,0,0
delete r=8 mm,BraTS20_Training_135,WT,215587,215.587,28510.1686764611,28625.2681984485,0.60986360574944,0.607411401318983,0.745034705708948,2,4.63849861076504e-06,0.99585880679128,-1793,0
delete r=8 mm,BraTS20_Training_135,TC,105845,105.845,19308.8408521827,18811.3729315517,0.560412937860038,0.575233092662475,0.741647409620845,16,0.000198403325617602,0.992498476252989,-1600,0
delete r=8 mm,BraTS20_Training_135,ET,43348,43.348,19541.3373718245,18378.8500787223,0.305381378792024,0.324697166824199,0.897593209602425,50,0.00237611885208089,0.999642556527956,-31,0
3 blobs r=3,BraTS20_Training_135,WT,217749,217.749,28488.9064183153,28589.3962552101,0.614392339363628,0.612232790927526,0.747898063627967,5,0.00169920412952529,0.999151975621023,369,3
3 blobs r=3,BraTS20_Training_135,TC,107814,107.814,19424.7904253496,18916.7314921299,0.563955134884298,0.579101643906339,0.732428046288268,19,0.00361734097612554,0.998285785960169,369,3
3 blobs r=3,BraTS20_Training_135,ET,43748,43.748,19962.8545647915,18778.4314382739,0.300769377733587,0.319739982808188,0.853550893996195,53,0.0105376245771235,0.995764803103516,369,3
dilate 1 mm,BraTS20_Training_150,WT,170695,170.695,25395.7186990677,26184.8982746244,0.585963840224837,0.568303634335539,0.829743541106168,3,0.000374937754474391,0.933146248246077,0,0
dilate 1 mm,BraTS20_Training_150,TC,58935,58.935,8361.70164939663,8649.55866121023,0.87586730595881,0.846718472438644,0.744478330863472,2,0.000627810299482445,0.938863331502804,0,0
dilate 1 mm,BraTS20_Training_150,ET,55200,55.2,9705.24473357281,9906.64631886512,0.722387714926366,0.707701611647923,0.7133094269907,3,0.000960144927536266,0.915467360872341,0,0
dilate 2 mm,BraTS20_Training_150,WT,193911,193.911,25590.7438622257,26462.7525303007,0.633095915838305,0.612233946710121,0.829795743641814,2,0.00054664253188319,0.870025319553747,0,0
dilate 2 mm,BraTS20_Training_150,TC,66747,66.747,8993.35915502626,9328.58163994975,0.884809996801831,0.853014358701519,0.755261203610801,2,0.0015880863559411,0.877173209073858,0,0
dilate 2 mm,BraTS20_Training_150,ET,64046,64.046,9856.2785100459,10184.6838064994,0.785414952396845,0.760089234369514,0.732107286901482,2,0.00165506042531927,0.842273659854846,0,0
erode 1 mm,BraTS20_Training_150,WT,128824,128.824,22966.9847782549,23682.4097778465,0.537087026356258,0.520862094467317,0.82913538907009,1,0,0.926371500686739,0,0
erode 1 mm,BraTS20_Training_150,TC,45736,45.736,7167.95179304304,7406.96582716807,0.862835161427238,0.834992490415957,0.726342003527038,1,0,0.934532080098079,0,0
erode 1 mm,BraTS20_Training_150,ET,37859,37.859,10280.1026119246,10512.5487058811,0.5303950151955,0.518667293119198,0.672317846327236,1,0,0.896559073578516,0,0
erode 2 mm,BraTS20_Training_150,WT,108557,108.557,21130.8426325711,21797.6392402606,0.520801864974436,0.504870372897904,0.827836188977703,1,0,0.841987287626183,0,0
erode 2 mm,BraTS20_Training_150,TC,39454,39.454,6493.01644776432,6720.05912283222,0.863173929754541,0.834010894954075,0.714803515008156,1,0,0.861459857202122,0,0
erode 2 mm,BraTS20_Training_150,ET,28508,28.508,10027.7259614519,10270.147185002,0.450048688959244,0.439425535087218,0.656086985512375,1,0,0.759170738851977,0,0
shift 2 vox,BraTS20_Training_150,WT,149302,149.302,24872.4873846543,25594.0621050936,0.547194834293698,0.531767741948605,0.82953334877472,4,9.37696748871675e-05,0.905928922586436,0,0
shift 2 vox,BraTS20_Training_150,TC,52144,52.144,7859.99317325141,8108.11729359488,0.858746245025804,0.83246694381076,0.735514632080373,2,0.000153421294875722,0.917708652961031,0,0
shift 2 vox,BraTS20_Training_150,ET,46595,46.595,10271.3694949497,10468.6509834587,0.609651971685493,0.598163094213451,0.694146962513058,3,0.000236076832278109,0.877561970168473,0,0
delete r=8 mm,BraTS20_Training_150,WT,147193,147.193,25663.3339563732,26415.3565055956,0.525326311767082,0.510370722124934,0.823844216584022,4,9.51132186992609e-05,0.992886895225889,-2109,0
delete r=8 mm,BraTS20_Training_150,TC,50059,50.059,8481.94410647807,8741.47744494601,0.774420483107115,0.751428038794975,0.741352633842318,2,0.000159811422521416,0.979599424674423,-2085,0
delete r=8 mm,BraTS20_Training_150,ET,44733,44.733,10548.8849699441,10760.6390078465,0.577691864040618,0.566323711574511,0.699257080900855,3,0.000245903471709941,0.979611948142957,-1862,0
3 blobs r=3,BraTS20_Training_150,WT,149671,149.671,25237.2785143807,25952.3004221306,0.540173627957041,0.525291094551692,0.830766640439946,7,0.00255894595479422,0.998765774835855,369,3
3 blobs r=3,BraTS20_Training_150,TC,52513,52.513,8224.78430297787,8466.35561063186,0.824525630535849,0.800999364463036,0.799658278489091,5,0.00717917468055529,0.996474196661475,369,3
3 blobs r=3,BraTS20_Training_150,ET,46964,46.964,10636.1606246762,10826.8893004957,0.591846781303751,0.581420688475692,0.771889964166161,6,0.00809130397751467,0.996055964685386,369,3
dilate 1 mm,BraTS20_Training_152,WT,208932,208.932,26172.5787993906,27028.0917878376,0.650590298447655,0.629997337063307,0.77975462154458,1,0,0.945445643752508,0,0
dilate 1 mm,BraTS20_Training_152,TC,53095,53.095,7488.13818868161,7767.63738726288,0.912317539092597,0.879490051361753,0.919960088734348,1,0,0.938184945204384,0,0
dilate 1 mm,BraTS20_Training_152,ET,40540,40.54,10962.8008331923,11301.2062661971,0.52057714418304,0.504988884864512,0.879719545581126,1,0,0.867218061920197,0,0
dilate 2 mm,BraTS20_Training_152,WT,232937,232.937,26883.4920859216,27832.320331074,0.681016176646974,0.657799737050061,0.784607822850819,1,0,0.891441325680782,0,0
dilate 2 mm,BraTS20_Training_152,TC,60052,60.052,8030.12730632511,8350.71232477208,0.923520792971035,0.888066700082156,0.926133322416704,1,0,0.87716542794372,0,0
dilate 2 mm,BraTS20_Training_152,ET,50489,50.489,10886.0908254,11273.5167655976,0.606843470988774,0.585988674106043,0.90520826595936,1,0,0.761386077890218,0,0
erode 1 mm,BraTS20_Training_152,WT,166445,166.445,23951.9522500952,24722.8200757044,0.610928486934106,0.591879482294526,0.770528293927644,1,0,0.941005201266395,0,0
erode 1 mm,BraTS20_Training_152,TC,41083,41.083,6416.62769730861,6651.96442544597,0.89732971425821,0.86558350734734,0.906238106395849,1,0,0.933746988499477,0,0
erode 1 mm,BraTS20_Training_152,ET,21724,21.724,9785.66715807421,9946.03177680686,0.384757310799608,0.378553684988271,0.831664278720215,2,4.60320382986712e-05,0.823502653525398,0,0
erode 2 mm,BraTS20_Training_152,WT,145320,145.32,22207.8277565093,22935.7000070678,0.601905488589469,0.582803812928028,0.765677699170873,1,0,0.87375050731282,0,0
erode 2 mm,BraTS20_Training_152,TC,35500,35.5,5826.10177639455,6040.23416874478,0.896585324835615,0.864800470939287,0.896546773986422,1,0,0.861514566876585,0,0
erode 2 mm,BraTS20_Training_152,ET,13690,13.69,6629.93611617124,6621.5641995865,0.417423677157397,0.417951443120292,0.863609960446656,8,0.00219138056975898,0.612171891070071,0,0
shift 2 vox,BraTS20_Training_152,WT,187315,187.315,25395.9193814294,26227.2314388367,0.623402523335966,0.603642830610643,0.775192381834315,1,0,0.923625977631263,0,0
shift 2 vox,BraTS20_Training_152,TC,46913,46.913,6999.22964227171,7252.1502820481,0.898730235077315,0.867386782831873,0.913771611049898,1,0,0.924242747212926,0,0
shift 2 vox,BraTS20_Training_152,ET,31036,31.036,11038.9320740779,11332.4160674977,0.432647526969023,0.421442932714648,0.845835975864972,1,0,0.807836061348112,0,0
delete r=8 mm,BraTS20_Training_152,WT,185355,185.355,25900.5251460172,26740.6995040393,0.606985651967516,0.587914580906216,0.765380540914027,1,0,0.99474065527142,-1960,0
delete r=8 mm,BraTS20_Training_152,TC,45918,45.918,7091.67403407196,7339.83429685953,0.874427891407783,0.84486342897661,0.911779503067321,1,0,0.989281597742134,-995,0
delete r=8 mm,BraTS20_Training_152,ET,30086,30.086,11021.0092954469,11320.8682632357,0.424462235067942,0.413219386488371,0.863171097108187,1,0,0.98445731487844,-950,0
3 blobs r=3,BraTS20_Training_152,WT,187684,187.684,25760.7105111559,26585.4697558737,0.615381526025962,0.596290586227678,0.782266761781098,4,0.00196607062935572,0.999015997375993,369,3
3 blobs r=3,BraTS20_Training_152,TC,47282,47.282,7364.02077199817,7610.38859908506,0.858683290908495,0.830885507157691,0.904496743540625,4,0.00780423839939093,0.996082594617549,369,3
3 blobs r=3,BraTS20_Training_152,ET,31405,31.405,11403.7232038043,11690.6543845347,0.422120705779746,0.411760328290499,0.804915025952091,4,0.0117497213819455,0.994090421357762,369,3
dilate 1 mm,BraTS20_Training_161,WT,62772,62.772,10560.3099927824,10742.0283219284,0.723299394690713,0.711063646139648,0.903499375608224,1,0,0.922914575451059,0,0
dilate 1 mm,BraTS20_Training_161,TC,23814,23.814,4960.78906358604,5054.5943501811,0.806903494775076,0.79192864054583,0.752457244029515,1,0,0.905480868665977,0,0
dilate 1 mm,BraTS20_Training_161,ET,18537,18.537,7241.51160977008,7357.93591651392,0.467750786576373,0.460349585794804,0.770238705445565,1,0,0.790447293726143,0,0
dilate 2 mm,BraTS20_Training_161,WT,72427,72.427,10853.0635960081,11144.2193040475,0.774221880828567,0.753994432521775,0.90032961557967,1,0,0.852314323292186,0,0
dilate 2 mm,BraTS20_Training_161,TC,28431,28.431,5351.26621551621,5501.78727276663,0.841825979882816,0.818794821055566,0.765386224061486,1,0,0.818623784592371,0,0
dilate 2 mm,BraTS20_Training_161,ET,24989,24.989,7001.94535247469,7162.06260106707,0.590334265505334,0.577136573219256,0.774536812746072,1,0,0.652993019432391,0,0
erode 1 mm,BraTS20_Training_161,WT,45347,45.347,8826.19152405113,8957.0304023848,0.69674920938535,0.686571518684247,0.885060397938195,2,4.41043508941918e-05,0.914862711077935,0,0
erode 1 mm,BraTS20_Training_161,TC,15966,15.966,3858.66674978181,3938.02431770777,0.794653136141605,0.778639588448318,0.719706501961167,1,0,0.895281352510724,0,0
erode 1 mm,BraTS20_Training_161,ET,5818,5.818,6038.10871528688,5978.89137687492,0.25907907686152,0.26164509995893,0.745393673107032,4,0.000515641113784771,0.648895828686148,0,0
erode 2 mm,BraTS20_Training_161,WT,37764,37.764,7593.95500316677,7776.10127414511,0.716805668379683,0.700015316131364,0.859182986191245,2,2.64802457367042e-05,0.824982796474096,0,0
erode 2 mm,BraTS20_Training_161,TC,12695,12.695,3306.37367018527,3398.44903227596,0.795952823104861,0.774387796323982,0.696264470330799,1,0,0.783738733176935,0,0
erode 2 mm,BraTS20_Training_161,ET,1324,1.324,2205.080651615,1861.76327110894,0.264434613863818,0.313197526074876,0.696396914171259,13,0.164652567975831,0.197053132906683,0,0
shift 2 vox,BraTS20_Training_161,WT,53787,53.787,10414.6918730156,10440.025060781,0.661641260349735,0.660035758237985,0.900696988998662,7,0.00105973562384964,0.897633257106736,0,0
shift 2 vox,BraTS20_Training_161,TC,19701,19.701,4654.42766150126,4676.19597524313,0.757896707206305,0.754368597308057,0.738359846178215,1,0,0.882696309831988,0,0
shift 2 vox,BraTS20_Training_161,ET,12114,12.114,7671.42601638985,7728.87322268019,0.332506191307211,0.330034737679432,0.764191684999006,1,0,0.682185900610863,0,0
delete r=8 mm,BraTS20_Training_161,WT,51845,51.845,10826.132399087,10856.2316578413,0.621081666536474,0.619359697221724,0.908751377768208,7,0.00109943099623877,0.981615419569827,-1942,0
delete r=8 mm,BraTS20_Training_161,TC,19457,19.457,4679.2841776268,4701.36475449229,0.747633275496163,0.744121917652461,0.73599241448237,1,0,0.993768833954747,-244,0
delete r=8 mm,BraTS20_Training_161,ET,11911,11.911,7623.54091796225,7671.25110255001,0.330846241478097,0.328788593378709,0.759944648642383,1,0,0.991550468262227,-203,0
3 blobs r=3,BraTS20_Training_161,WT,54156,54.156,10779.483002742,10798.263377818,0.642170836725762,0.641053971100746,0.82081447924185,10,0.00786616441391541,0.99658152914038,369,3
3 blobs r=3,BraTS20_Training_161,TC,20070,20.07,5019.21879122772,5034.4342922801,0.711562270441207,0.709411725643882,0.584711216850584,4,0.0183856502242152,0.990721882778909,369,3
3 blobs r=3,BraTS20_Training_161,ET,12483,12.483,8036.2171461163,8087.11153971715,0.323826044401504,0.321788118983876,0.548441693401336,4,0.0295602018745494,0.984998170508599,369,3
dilate 1 mm,BraTS20_Training_164,WT,149643,149.643,26080.671979378,26075.7239809911,0.522640368816786,0.522739542427603,0.815659362745836,1,0,0.911738717806067,0,0
dilate 1 mm,BraTS20_Training_164,TC,65142,65.142,10193.5342975413,10444.8321730758,0.768068689686539,0.749589308995256,0.781285576031513,2,0.00643210217678303,0.929509880448626,0,0
dilate 1 mm,BraTS20_Training_164,ET,55067,55.067,13337.2690993285,13617.9932032682,0.524821343648624,0.514002568868442,0.778287862225463,2,0.00760891277897835,0.881229556490116,0,0
dilate 2 mm,BraTS20_Training_164,WT,173167,173.167,24978.7666635619,25459.5408359943,0.601482812994954,0.590124501251909,0.815459510063504,1,0,0.839895892301457,0,0
dilate 2 mm,BraTS20_Training_164,TC,74617,74.617,10909.7583981652,11257.6636391797,0.785647104388168,0.761367577661746,0.789925241342081,2,0.00963587386252462,0.862372312852569,0,0
dilate 2 mm,BraTS20_Training_164,ET,67175,67.175,13364.6126892844,13744.9679514659,0.597951827128267,0.58140510801023,0.788003394895575,2,0.010703386676591,0.784712799638173,0,0
erode 1 mm,BraTS20_Training_164,WT,101507,101.507,24810.7658167742,24710.664919489,0.424138747913806,0.425856899545013,0.825206506311175,8,0.000571389165279212,0.894819659991978,0,0
erode 1 mm,BraTS20_Training_164,TC,48564,48.564,8371.93971883456,8570.06369179987,0.768896113178369,0.751120661534264,0.767472563562414,2,0.00150317107322295,0.923911078980661,0,0
erode 1 mm,BraTS20_Training_164,ET,31927,31.927,12560.7534407206,12842.2294504416,0.387472164263221,0.378979548623884,0.761619297449789,2,0.00228646600056381,0.847972165413933,0,0
erode 2 mm,BraTS20_Training_164,WT,80232,80.232,20052.8785284836,20178.9891108481,0.448613646428721,0.445809991206101,0.836790667099085,9,0.000909861401934386,0.780459334053171,0,0
erode 2 mm,BraTS20_Training_164,TC,41296,41.296,7340.75215221509,7554.00529130404,0.787073979294085,0.764854508919487,0.757708522917857,2,0.000217938783417249,0.843989822090968,0,0
erode 2 mm,BraTS20_Training_164,ET,20839,20.839,11160.2779986415,11439.0544491963,0.328140897348309,0.320143911666416,0.742982111372197,3,0.000479869475502714,0.64904849409786,0,0
shift 2 vox,BraTS20_Training_164,WT,125370,125.37,29242.4392452056,28751.0683950343,0.414253588089286,0.421333399349486,0.81798885294489,10,0.000805615378479674,0.880665230916487,0,0
shift 2 vox,BraTS20_Training_164,TC,56563,56.563,9763.89475507583,9923.25668206364,0.729820388918208,0.718099883517676,0.774534092000689,3,0.00392482718384812,0.911320120927108,0,0
shift 2 vox,BraTS20_Training_164,ET,43375,43.375,13652.6156995146,13840.9183942155,0.437281647591265,0.431332525557636,0.770845347320524,3,0.0051181556195965,0.830063400576369,0,0
delete r=8 mm,BraTS20_Training_164,WT,123489,123.489,29618.7447849179,29125.9398262461,0.404889322620836,0.411739967341355,0.811957773949023,10,0.000817886613382557,0.992441503019782,-1881,0
delete r=8 mm,BraTS20_Training_164,TC,54874,54.874,9999.95302487987,10152.119798506,0.698335163151034,0.687868047829758,0.762533919203684,3,0.0040456318110581,0.984843454148981,-1689,0
delete r=8 mm,BraTS20_Training_164,ET,42043,42.043,13514.3639650462,13693.3694074483,0.432664216769534,0.427008249473984,0.759727040631367,3,0.00528030825583337,0.984406097075558,-1332,0
3 blobs r=3,BraTS20_Training_164,WT,125739,125.739,29607.2303749321,29109.3067120712,0.40995200006606,0.416964355375277,0.820369982214843,13,0.00373790152617726,0.998530518619404,369,3
3 blobs r=3,BraTS20_Training_164,TC,56932,56.932,10128.6858848023,10281.4949991006,0.706591890552698,0.696090141441779,0.775555690305115,6,0.0103808051710813,0.996748755451782,369,3
3 blobs r=3,BraTS20_Training_164,ET,43744,43.744,14017.406829241,14199.1567112524,0.428313840416241,0.422831402864312,0.773086196695652,6,0.0135104242867593,0.995764414192082,369,3
dilate 1 mm,BraTS20_Training_167,WT,96259,96.259,17653.8226969602,17738.8366422966,0.575359905514965,0.57260247465619,0.715774197871355,7,0.000966143425549792,0.912499717558804,0,0
dilate 1 mm,BraTS20_Training_167,TC,31825,31.825,6758.57808746702,6944.60137661014,0.718578794331291,0.699330405031335,0.538280963471143,1,0,0.903909075254004,0,0
dilate 1 mm,BraTS20_Training_167,ET,22682,22.682,6577.80047479887,6709.11486403153,0.589102672192695,0.577572439194444,0.525050623190678,4,0.121373776562913,0.864707943340507,0,0
dilate 2 mm,BraTS20_Training_167,WT,112306,112.306,17599.9482048667,17937.9782764016,0.639599390089518,0.627546536403658,0.721657914442533,6,0.0031342938044272,0.836659329276188,0,0
dilate 2 mm,BraTS20_Training_167,TC,38183,38.183,7370.82096145877,7633.17802229419,0.743957787023261,0.718387496664648,0.537888039696312,1,0,0.814707890979077,0,0
dilate 2 mm,BraTS20_Training_167,ET,28803,28.803,6910.99554232591,7109.21657651253,0.657509443211771,0.639176593112436,0.51946918547741,2,0.00114571398812624,0.749842661516092,0,0
erode 1 mm,BraTS20_Training_167,WT,66105,66.105,15359.2726940363,15547.8325290593,0.514757891284524,0.508515049211456,0.70871780515847,3,3.02548975115169e-05,0.90015932023367,0,0
erode 1 mm,BraTS20_Training_167,TC,21159,21.159,5178.01345200159,5306.64459183063,0.714470621846987,0.697152113159968,0.559375615585894,2,0.087291459898861,0.892709475993587,0,0
erode 1 mm,BraTS20_Training_167,ET,12310,12.31,5158.85623247494,5209.20640527246,0.499769100621878,0.494938525939772,0.535296863514729,5,0.0826969943135663,0.832150341377679,0,0
erode 2 mm,BraTS20_Training_167,WT,52911,52.911,13323.548379362,13600.8562802714,0.511557984566668,0.501127827231693,0.707421356859036,1,0,0.791606822262119,0,0
erode 2 mm,BraTS20_Training_167,TC,16733,16.733,4300.85279266875,4415.93404572241,0.735606266938281,0.71643603249255,0.589180356507262,2,0.0614354867626845,0.778677462887989,0,0
erode 2 mm,BraTS20_Training_167,ET,7977,7.977,3944.57874470101,4003.83772390739,0.489451753776194,0.482207601215674,0.559671545350658,3,0.0580418703773349,0.631766522789372,0,0
shift 2 vox,BraTS20_Training_167,WT,80769,80.769,18088.2385231222,18082.1501371516,0.499556160273052,0.499724364313757,0.711833992496776,16,0.000334286669390504,0.883358714358232,0,0
shift 2 vox,BraTS20_Training_167,TC,26245,26.245,6304.80215228717,6422.02893501163,0.677397692833087,0.665032573809273,0.543488114402034,1,0,0.885844922842446,0,0
shift 2 vox,BraTS20_Training_167,ET,17276,17.276,6164.94082607484,6266.25656775722,0.524224534040184,0.515748628704985,0.528739836476314,7,0.103033109516092,0.809272979856448,0,0
delete r=8 mm,BraTS20_Training_167,WT,80101,80.101,17969.4063524559,17963.5905567091,0.500083301850158,0.500245206138211,0.711258212018329,17,0.000362042920812433,0.995847578790328,-668,0
delete r=8 mm,BraTS20_Training_167,TC,26245,26.245,6304.80215228717,6422.02893501163,0.677397692833087,0.665032573809273,0.543488114402034,1,0,1,0,0
delete r=8 mm,BraTS20_Training_167,ET,17276,17.276,6164.94082607484,6266.25656775722,0.524224534040184,0.515748628704985,0.528739836476314,7,0.103033109516092,1,0,0
3 blobs r=3,BraTS20_Training_167,WT,81138,81.138,18453.0296528486,18440.3884541886,0.491170917189449,0.491507623173471,0.727039287208663,19,0.00488057383716634,0.997720913857955,369,3
3 blobs r=3,BraTS20_Training_167,TC,26614,26.614,6669.59328201362,6780.26725204858,0.646335795051977,0.635785687548104,0.74882184089751,4,0.0138648831442099,0.993019164191528,369,3
3 blobs r=3,BraTS20_Training_167,ET,17645,17.645,6529.7319558013,6624.49488479417,0.501960888103381,0.494780373237904,0.808301509056816,10,0.121790875602154,0.989433292288308,369,3
dilate 1 mm,BraTS20_Training_170,WT,112445,112.445,15041.3913987456,15482.7689321875,0.749013326268572,0.727660708018472,0.635690374145252,1,0,0.94071708493481,0,0
dilate 1 mm,BraTS20_Training_170,TC,29757,29.757,5452.64327627478,5593.2435676175,0.851666964598585,0.830258166304373,0.747909286160486,1,0,0.917120034935133,0,0
dilate 1 mm,BraTS20_Training_170,ET,20172,20.172,7989.29007112121,8157.1799391776,0.448547638497562,0.439315697507432,0.795727451891437,1,0,0.79195113187208,0,0
dilate 2 mm,BraTS20_Training_170,WT,126390,126.39,15768.5348807041,16309.3000826364,0.772386350876537,0.746776443714047,0.636571844144861,1,0,0.882735393305606,0,0
dilate 2 mm,BraTS20_Training_170,TC,34916,34.916,5901.92320283995,6097.78442480848,0.875333521324211,0.847217753174215,0.756611939860883,1,0,0.838417778369207,0,0
dilate 2 mm,BraTS20_Training_170,ET,27379,27.379,7688.54849832501,7881.80724265249,0.571370947652709,0.557361161763629,0.794787921543402,1,0,0.651380439868975,0,0
erode 1 mm,BraTS20_Training_170,WT,88105,88.105,12561.5647154322,12941.8751616969,0.762267531215138,0.739867507930455,0.63256760413464,5,0.000147551217297592,0.937466748951927,0,0
erode 1 mm,BraTS20_Training_170,TC,20998,20.998,4323.84892931149,4441.21802956091,0.851266547245065,0.828769928511745,0.736213152548089,1,0,0.909004329004329,0,0
erode 1 mm,BraTS20_Training_170,ET,6693,6.693,6442.20767777732,6579.87523668749,0.266601928576636,0.261023944893412,0.80357712658196,1,0,0.672089170055731,0,0
erode 2 mm,BraTS20_Training_170,WT,77151,77.151,11362.2327787145,11748.2478832207,0.771344075968731,0.745999831698864,0.626828679056929,3,5.1846379178544e-05,0.871713462516242,0,0
erode 2 mm,BraTS20_Training_170,TC,17209,17.209,3729.27526353185,3844.38508791203,0.864364205236786,0.838483132037804,0.728652939339886,1,0,0.811534743344887,0,0
erode 2 mm,BraTS20_Training_170,ET,1899,1.899,2364.98412547105,2142.43038214981,0.313573392331954,0.346147114610569,0.641183353373486,17,0.0315955766192733,0.251140646697084,0,0
shift 2 vox,BraTS20_Training_170,WT,99859,99.859,14162.5826396291,14505.6459397691,0.73496469201649,0.717582535180695,0.634592632275774,9,0.000230324757908629,0.925434863157051,0,0
shift 2 vox,BraTS20_Training_170,TC,25202,25.202,5079.61340289047,5176.27086565752,0.81835825735826,0.803076902335763,0.741659126831801,1,0,0.907427981906198,0,0
shift 2 vox,BraTS20_Training_170,ET,13224,13.224,7936.95938085944,8108.85741752799,0.340725936445653,0.333502955882392,0.798998799612611,2,7.56200846945276e-05,0.67664851784634,0,0
delete r=8 mm,BraTS20_Training_170,WT,97978,97.978,14623.7245775608,14973.1635550683,0.702821716351281,0.686419484382827,0.630328132039515,9,0.000234746575761946,0.990492172849366,-1881,0
delete r=8 mm,BraTS20_Training_170,TC,25202,25.202,5079.61340289047,5176.27086565752,0.81835825735826,0.803076902335763,0.741659126831801,1,0,1,0,0
delete r=8 mm,BraTS20_Training_170,ET,13224,13.224,7936.95938085944,8108.85741752799,0.340725936445653,0.333502955882392,0.798998799612611,2,7.56200846945276e-05,1,0,0
3 blobs r=3,BraTS20_Training_170,WT,100228,100.228,14527.3737693555,14863.8842568061,0.718273301034003,0.702011972939835,0.636706893400921,12,0.00391108273137242,0.998155802226032,369,3
3 blobs r=3,BraTS20_Training_170,TC,25571,25.571,5444.40453261693,5534.50918269448,0.770960650527709,0.758409015442059,0.699385093776955,4,0.0144304094482031,0.992732357749197,369,3
3 blobs r=3,BraTS20_Training_170,ET,13593,13.593,8301.7505105859,8467.09573456497,0.331785950264255,0.325306842908045,0.710026570754095,5,0.0272198925917752,0.986240071596375,369,3
dilate 1 mm,BraTS20_Training_172,WT,46140,46.14,10124.8345950521,10390.4484229648,0.61444250004145,0.598735341136975,0.44730299671407,2,0.172930212397052,0.901009908536585,0,0
dilate 1 mm,BraTS20_Training_172,TC,14932,14.932,3447.24207380805,3528.73132250784,0.850663235541526,0.831018807664952,0.9032384387063,2,0.00589338333779799,0.897804022882451,0,0
dilate 1 mm,BraTS20_Training_172,ET,12614,12.614,4339.35919640765,4446.91491629171,0.603893573525738,0.589287445624357,0.896995518603278,2,0.00697637545584273,0.832469455757127,0,0
dilate 2 mm,BraTS20_Training_172,WT,55595,55.595,10988.12225752,11350.3484824549,0.641088221757732,0.620629029092726,0.44834152651139,2,0.193218814641605,0.809821992442974,0,0
dilate 2 mm,BraTS20_Training_172,TC,18209,18.209,3887.90166103286,4016.63569614802,0.86091362986957,0.833321163476605,0.834031694870253,2,0.013125377560547,0.800935071776636,0,0
dilate 2 mm,BraTS20_Training_172,ET,16630,16.63,4530.07302509482,4668.89845606245,0.695515940000333,0.674835408816359,0.842780474635641,2,0.014371617558629,0.701998126756166,0,0
erode 1 mm,BraTS20_Training_172,WT,30053,30.053,8306.59547235507,8448.60033443463,0.562755330902534,0.553296486835353,0.473067107600204,4,0.112567796892157,0.885461322019416,0,0
erode 1 mm,BraTS20_Training_172,TC,9674,9.674,2603.15697102292,2677.3272490708,0.843440574949569,0.820074652094009,0.960301971422753,1,0,0.886019141823511,0,0
erode 1 mm,BraTS20_Training_172,ET,5633,5.633,3544.96106602265,3653.78633430381,0.431882714380896,0.419019413695457,0.854782295046785,1,0,0.77021945716825,0,0
erode 2 mm,BraTS20_Training_172,WT,22934,22.934,6884.09991034589,7054.72858376381,0.567052799106027,0.553337818335249,0.529232702241036,2,0.0651870585157408,0.754879694545933,0,0
erode 2 mm,BraTS20_Training_172,TC,7467,7.467,2200.35139756726,2263.79864958801,0.839633030851927,0.816100722215244,0.939571579631095,1,0,0.760774325012736,0,0
erode 2 mm,BraTS20_Training_172,ET,2696,2.696,2339.26117878593,2347.23119812112,0.400453416146949,0.399093677288635,0.792205733008462,3,0.00853115727002962,0.461248930710009,0,0
shift 2 vox,BraTS20_Training_172,WT,37828,37.828,9464.77049852459,9629.5631657209,0.575770783706406,0.565917501526541,0.452967822602806,2,0.147906312784181,0.858041662260759,0,0
shift 2 vox,BraTS20_Training_172,TC,12163,12.163,3084.26385535059,3146.81798909372,0.829264494672518,0.812779930808973,0.958955266266179,4,0.00197319740195678,0.855627723423497,0,0
shift 2 vox,BraTS20_Training_172,ET,8994,8.994,4097.88347450747,4202.52309373721,0.510379366443116,0.4976713095506,0.900408190120753,3,0.00244607516121864,0.737046920169002,0,0
delete r=8 mm,BraTS20_Training_172,WT,36120,36.12,9722.16348449807,9885.01755474116,0.543525218340041,0.534570728012001,0.449463319636264,2,0.154900332225914,0.976902688375615,-1708,0
delete r=8 mm,BraTS20_Training_172,TC,11689,11.689,3114.89720771345,3176.17334221645,0.799635336156042,0.78420841919267,0.950800213818703,4,0.00205321242193512,0.980127452624518,-474,0
delete r=8 mm,BraTS20_Training_172,ET,8588,8.588,3979.18485801479,4068.40883618998,0.50966486995757,0.498487446776978,0.894357141064728,3,0.00256171401956218,0.976908201569787,-406,0
3 blobs r=3,BraTS20_Training_172,WT,38197,38.197,9829.56162825105,9987.80148275788,0.558002499568619,0.549161891903497,0.474229968763043,5,0.156137916590308,0.995146333442946,369,3
3 blobs r=3,BraTS20_Training_172,TC,12532,12.532,3449.05498507705,3505.05630613069,0.756480255685379,0.744393746947909,0.802602197800635,7,0.0313597191190552,0.985057703988662,369,3
3 blobs r=3,BraTS20_Training_172,ET,9363,9.363,4462.67460423393,4560.76141077419,0.481392055379797,0.471038913622697,0.77104764440139,6,0.04176011961978,0.97989867625429,369,3
dilate 1 mm,BraTS20_Training_175,WT,214448,214.448,32592.1148751945,33099.8642429807,0.531601562703994,0.523446835681681,0.812741152927093,3,0.0371325449526225,0.93079920326472,0,0
dilate 1 mm,BraTS20_Training_175,TC,111261,111.261,18026.4950139557,18234.9066221508,0.620585281353331,0.613492446759271,0.885010174947308,3,0.00625556124787663,0.921278050057445,0,0
dilate 1 mm,BraTS20_Training_175,ET,100442,100.442,23308.6675805703,23551.466411331,0.448308435598383,0.443686695190275,0.928452867432571,3,0.00692937217498657,0.880563496441926,0,0
dilate 2 mm,BraTS20_Training_175,WT,244197,244.197,32648.2496510791,33463.7034093208,0.57869683167183,0.564594970305884,0.834411174741437,1,0,0.866535464136686,0,0
dilate 2 mm,BraTS20_Training_175,TC,127765,127.765,18366.6189334988,18794.99193779,0.667927782849132,0.652704459958881,0.894479657200928,1,0,0.853030024193512,0,0
dilate 2 mm,BraTS20_Training_175,ET,121235,121.235,22154.3348753159,22610.2500628168,0.534700700409179,0.523918945700293,0.916463483473814,1,0,0.789127264737021,0,0
erode 1 mm,BraTS20_Training_175,WT,160676,160.676,27684.7949656523,28130.0205993407,0.51626991844191,0.508098697920373,0.758397611961579,7,0.0258221514102915,0.925113353389086,0,0
erode 1 mm,BraTS20_Training_175,TC,79661,79.661,15195.2777893505,15229.3656802637,0.589213447085159,0.587894610560347,0.852524786978837,7,0.00233489411380727,0.912063566574881,0,0
erode 1 mm,BraTS20_Training_175,ET,58017,58.017,21469.0805079219,21680.2323363545,0.337578043634878,0.334290245789987,0.944261055691861,8,0.00322319320199249,0.84680279654956,0,0
erode 2 mm,BraTS20_Training_175,WT,136705,136.705,24179.8277694513,24700.8984167816,0.53074655944229,0.519550349141331,0.728733861036016,4,0.0202552942467357,0.845439309325467,0,0
erode 2 mm,BraTS20_Training_175,TC,66639,66.639,12559.0914432926,12735.683605561,0.632914263004154,0.624138314912478,0.833462898445865,8,0.0001650685034289,0.824428897507748,0,0
erode 2 mm,BraTS20_Training_175,ET,39758,39.758,16818.9779503496,16976.146060173,0.334940406341828,0.331839469864158,0.89662546964068,19,0.000679108607072765,0.669512575041889,0,0
shift 2 vox,BraTS20_Training_175,WT,186689,186.689,32080.5312178558,32258.5674045052,0.492404174715901,0.489686578473719,0.787550010966191,17,0.0320961599237234,0.911708777699811,0,0
shift 2 vox,BraTS20_Training_175,TC,95022,95.022,18706.1232784197,18515.5524107639,0.538331480368828,0.543872243886133,0.871444652070655,9,0.00877691481972598,0.910105028309234,0,0
shift 2 vox,BraTS20_Training_175,ET,79009,79.009,25293.7629569988,25257.348517919,0.352037064010633,0.352544608664901,0.944505557056971,10,0.0105684162563758,0.852257337771646,0,0
delete r=8 mm,BraTS20_Training_175,WT,184580,184.58,32874.0960089778,33078.6798578649,0.476892032204149,0.473942567235441,0.787952526089235,17,0.0324628887203381,0.994319482639272,-2109,0
delete r=8 mm,BraTS20_Training_175,TC,92913,92.913,19499.362946148,19335.7664591822,0.508762028359795,0.513066573551577,0.863123573300432,9,0.00897613896871263,0.988778034958895,-2109,0
delete r=8 mm,BraTS20_Training_175,ET,77686,77.686,25554.832400424,25529.9160694266,0.344539956438376,0.344876215734062,0.937794978831774,10,0.01074839739464,0.991556846102301,-1323,0
3 blobs r=3,BraTS20_Training_175,WT,187058,187.058,32445.3223475823,32616.8057215422,0.487509282034453,0.484946194243645,0.801901042362493,20,0.0340054956216789,0.999012701105293,369,3
3 blobs r=3,BraTS20_Training_175,TC,95391,95.391,19070.9144081461,18873.7907278008,0.529400331052668,0.534929551077312,0.86869989116814,12,0.0126112526338963,0.998062107104032,369,3
3 blobs r=3,BraTS20_Training_175,ET,79378,79.378,25658.5540867253,25615.586834956,0.348111774719362,0.348695692876873,0.920271991751991,13,0.0151679306608884,0.99767026334232,369,3
dilate 1 mm,BraTS20_Training_188,WT,95253,95.253,30880.499146143,31127.4271434591,0.326627129889391,0.32403605859137,0.595724594018297,2,0.0158525190807639,0.830943132237339,0,0
dilate 1 mm,BraTS20_Training_188,TC,11104,11.104,2916.92293720235,2980.78086950499,0.825173877368361,0.807495993650714,0.748122240966972,1,0,0.875658161198866,0,0
dilate 1 mm,BraTS20_Training_188,ET,10375,10.375,3625.14326851449,3641.93895681127,0.63457703792901,0.631650531401651,0.74345824831137,1,0,0.80085529357374,0,0
dilate 2 mm,BraTS20_Training_188,WT,123556,123.556,31106.3360564518,31769.9468944616,0.385665826610137,0.377610036550473,0.613649169816139,1,0,0.707978667782077,0,0
dilate 2 mm,BraTS20_Training_188,TC,13825,13.825,3219.90381465063,3320.06621101991,0.865136534485592,0.839036407869722,0.753869487748587,1,0,0.769634672718373,0,0
dilate 2 mm,BraTS20_Training_188,ET,13593,13.593,3518.14376918574,3604.56657165944,0.782914048634516,0.764142963447463,0.753267706351338,1,0,0.675275314296852,0,0
erode 1 mm,BraTS20_Training_188,WT,43118,43.118,22093.4433977257,21947.3823249268,0.269149217394655,0.270940420685035,0.526261645414689,16,0.041908251774201,0.778148743029362,0,0
erode 1 mm,BraTS20_Training_188,TC,6442,6.442,2167.65721178952,2193.44106301934,0.772397156833148,0.763317645321355,0.744610681907331,2,0.000155231294629021,0.853810470510272,0,0
erode 1 mm,BraTS20_Training_188,ET,3484,3.484,3331.3010726386,3391.01507570495,0.333622759883757,0.327747837460252,0.684265024181304,2,0.000287026406429414,0.66916354556804,0,0
erode 2 mm,BraTS20_Training_188,WT,25293,25.293,14239.3720510715,14045.7290578307,0.292635392042582,0.296669842159768,0.50747548515788,33,0.0145099434626181,0.543953030742927,0,0
erode 2 mm,BraTS20_Training_188,TC,4631,4.631,1714.7881044479,1748.90259122443,0.783532201388382,0.768248446273962,0.757301857036621,1,0,0.697492281045259,0,0
erode 2 mm,BraTS20_Training_188,ET,966,0.966,1324.56470305365,1196.46462907683,0.356776053840915,0.394974457520796,0.672699280763776,13,0.0217391304347826,0.244711842938569,0,0
shift 2 vox,BraTS20_Training_188,WT,67704,67.704,31376.9081962918,30928.1547692993,0.256025680626068,0.25974049654173,0.56843910614256,12,0.0294221907125133,0.779540352120997,0,0
shift 2 vox,BraTS20_Training_188,TC,8648,8.648,2724.26835887894,2741.76456763733,0.747901995803749,0.743129357917968,0.743929622575582,1,0,0.847941720629047,0,0
shift 2 vox,BraTS20_Training_188,ET,6929,6.929,4091.33505943629,4127.59757974447,0.429601825288731,0.42582760926767,0.728681587859876,1,0,0.718285466878337,0,0
delete r=8 mm,BraTS20_Training_188,WT,66898,66.898,31263.4091824854,30812.9912935876,0.254911764484525,0.258638011563893,0.560158411384457,12,0.0297766749379652,0.994011976047904,-806,0
delete r=8 mm,BraTS20_Training_188,TC,8478,8.478,2703.51880130944,2722.05096512638,0.743732919929063,0.738669465759849,0.72143808135655,1,0,0.99007357234614,-170,0
delete r=8 mm,BraTS20_Training_188,ET,6771,6.771,4019.34118602756,4060.32355412392,0.430623566679972,0.426277121554258,0.704483498830742,1,0,0.988467153284671,-158,0
3 blobs r=3,BraTS20_Training_188,WT,68073,68.073,31741.6993260183,31286.3930863363,0.254002043940078,0.257698498024088,0.570433439660373,15,0.0346833546339959,0.997282308491129,369,3
3 blobs r=3,BraTS20_Training_188,TC,9017,9.017,3089.05948860539,3100.0028846743,0.678212670330517,0.675818495180851,0.787015150536708,4,0.040922701563713,0.979111236909142,369,3
3 blobs r=3,BraTS20_Training_188,ET,7298,7.298,4456.12618916275,4485.83589678143,0.40831551567472,0.405611240514862,0.785483555380984,4,0.050561797752809,0.974063400576369,369,3
dilate 1 mm,BraTS20_Training_189,WT,110055,110.055,15116.511572644,15502.3270068947,0.734692707391046,0.716407982406415,0.624061672052202,2,6.3604561355679e-05,0.937641778078093,0,0
dilate 1 mm,BraTS20_Training_189,TC,33316,33.316,5807.44374298616,5977.36509819114,0.862186096708028,0.837676329011914,0.833062873908571,1,0,0.922544549011998,0,0
dilate 1 mm,BraTS20_Training_189,ET,28816,28.816,7752.14896117831,7953.1681759702,0.586342190981996,0.571522179104631,0.82779387036533,1,0,0.868651969925993,0,0
dilate 2 mm,BraTS20_Training_189,WT,123907,123.907,15429.5382399243,15899.5737820639,0.778983795325626,0.755954871684482,0.629331329301283,1,0,0.878882746265416,0,0
dilate 2 mm,BraTS20_Training_189,TC,38734,38.734,6273.03503652182,6494.10482503838,0.882540498057778,0.852497397966338,0.841398693449737,1,0,0.848230746357419,0,0
dilate 2 mm,BraTS20_Training_189,ET,35792,35.792,7493.67612002195,7716.19485549223,0.700884598744392,0.680672569688103,0.83633889995773,1,0,0.7640243797158,0,0
erode 1 mm,BraTS20_Training_189,WT,84852,84.852,13259.9840207039,13530.2365045566,0.704232146966462,0.690165838010034,0.611655399888144,5,4.71409041625792e-05,0.932506168022991,0,0
erode 1 mm,BraTS20_Training_189,TC,24039,24.039,4863.1922496031,4989.35945260757,0.828273216270095,0.807328460532823,0.820507138412982,1,0,0.914639018358223,0,0
erode 1 mm,BraTS20_Training_189,ET,15553,15.553,7440.76212337016,7654.45279661248,0.40495753587952,0.393652266805949,0.79611472913845,1,0,0.8255746058708,0,0
erode 2 mm,BraTS20_Training_189,WT,73351,73.351,11704.0783650166,12039.8711314794,0.724020610841107,0.703827630265531,0.604635656270138,2,1.36330793035766e-05,0.860492943702122,0,0
erode 2 mm,BraTS20_Training_189,TC,19813,19.813,4343.73951568797,4469.62471693612,0.815180615412514,0.79222137782016,0.816752438294026,1,0,0.819752166987319,0,0
erode 2 mm,BraTS20_Training_189,ET,9038,9.038,6052.80722856043,6123.30527347735,0.346664076661069,0.342672908728712,0.73135347158052,2,0.000110643947776046,0.580046850431602,0,0
shift 2 vox,BraTS20_Training_189,WT,97135,97.135,14779.0380990028,15081.8902678738,0.691440985184326,0.677556492041221,0.618157162301159,3,2.05899006536781e-05,0.921645133062233,0,0
shift 2 vox,BraTS20_Training_189,TC,28526,28.526,5460.39750742696,5571.3605999115,0.826838042233909,0.810370160734443,0.826057721800452,2,3.50557386243899e-05,0.905665007361705,0,0
shift 2 vox,BraTS20_Training_189,ET,22125,22.125,7856.50503713501,8063.7859906401,0.485113749696824,0.472643820470986,0.817312153287577,3,0.000632768361581881,0.815412429378531,0,0
delete r=8 mm,BraTS20_Training_189,WT,95026,95.026,15571.3250612717,15906.1678279948,0.646725798781673,0.633111491544568,0.607241341428076,3,2.10468713826018e-05,0.989024828138904,-2109,0
delete r=8 mm,BraTS20_Training_189,TC,28114,28.114,5488.58455098394,5601.08813617207,0.814652121137298,0.798288999886416,0.822333207093691,2,3.55694671694273e-05,0.992725988700565,-412,0
delete r=8 mm,BraTS20_Training_189,ET,21776,21.776,7884.27499553035,8091.36246437696,0.478308133619641,0.466066484434337,0.81674940594512,3,0.000642909625275578,0.992050294981891,-349,0
3 blobs r=3,BraTS20_Training_189,WT,97504,97.504,15143.8292287292,15440.1285849107,0.676493107177645,0.663511060362708,0.619952456309514,6,0.00380497210370856,0.998104182614995,369,3
3 blobs r=3,BraTS20_Training_189,TC,28895,28.895,5825.18863715342,5929.59891694847,0.781728471899766,0.767963546207824,0.802735571081698,5,0.0128049835611698,0.993573779627662,369,3
3 blobs r=3,BraTS20_Training_189,ET,22494,22.494,8221.29616686147,8422.02430767707,0.468728784990868,0.457557235952211,0.798243992520522,6,0.0170267626922735,0.99172998050158,369,3
dilate 1 mm,BraTS20_Training_190,WT,56830,56.83,13046.9363737812,13125.8499947586,0.547890811888969,0.544596850135355,0.807103105746034,1,0,0.886897591836335,0,0
dilate 1 mm,BraTS20_Training_190,TC,12978,12.978,3663.42919974836,3746.37578471088,0.729012265017508,0.712871578323511,0.86940511054715,1,0,0.875048758288909,0,0
dilate 1 mm,BraTS20_Training_190,ET,12783,12.783,3722.78205498898,3798.62081734458,0.71018534353124,0.696006624441782,0.877295731868389,1,0,0.866353316779,0,0
dilate 2 mm,BraTS20_Training_190,WT,68655,68.655,12803.2082472024,13069.2129495124,0.633305747382622,0.620415735761072,0.798482010359564,1,0,0.794849740205027,0,0
dilate 2 mm,BraTS20_Training_190,TC,16440,16.44,4074.06870361319,4194.62087040775,0.767462183237046,0.745405546420399,0.867006427323416,1,0,0.76088185415489,0,0
dilate 2 mm,BraTS20_Training_190,ET,16292,16.292,4105.35860386981,4222.83485720312,0.757035002165032,0.735974828441965,0.872424135147351,1,0,0.749702620774337,0,0
erode 1 mm,BraTS20_Training_190,WT,34204,34.204,11511.3814804773,11548.2094996197,0.442664413654537,0.441252726977027,0.839056164085879,5,0.00143258098468013,0.860640372397308,0,0
erode 1 mm,BraTS20_Training_190,TC,7604,7.604,2524.73524958932,2563.77633477811,0.740678411308944,0.729399389593536,0.874741080993119,5,0.00394529195160442,0.859257585174304,0,0
erode 1 mm,BraTS20_Training_190,ET,7081,7.081,2773.81338726879,2793.46406744918,0.642889916727592,0.638367494444799,0.884970910982916,5,0.00423668973308855,0.840474777448071,0,0
erode 2 mm,BraTS20_Training_190,WT,24346,24.346,9529.76209823578,9665.69454839078,0.426272331078609,0.420277496242198,0.860885003451453,4,0.000575043128234642,0.699326410731469,0,0
erode 2 mm,BraTS20_Training_190,TC,5507,5.507,2017.58933548519,2059.44322840281,0.747471666704195,0.732280862381099,0.870449482241452,1,0,0.705935136520959,0,0
erode 2 mm,BraTS20_Training_190,ET,4741,4.741,2303.10026042626,2339.13280140001,0.592585813504122,0.583457485008719,0.878628173101121,1,0,0.653480358373535,0,0
shift 2 vox,BraTS20_Training_190,WT,45281,45.281,13540.7653259964,13468.0021418968,0.453716861544388,0.456168144457607,0.819578735819044,1,0,0.84097082661602,0,0
shift 2 vox,BraTS20_Training_190,TC,10095,10.095,3214.83146723733,3257.7382024451,0.702635566431492,0.693381354974656,0.872035613117405,2,0.00455671124318968,0.824269440316989,0,0
shift 2 vox,BraTS20_Training_190,ET,9769,9.769,3406.40706885628,3425.27195902898,0.648765358516035,0.645192244502712,0.882932393991713,2,0.00470877264817282,0.810420718599652,0,0
delete r=8 mm,BraTS20_Training_190,WT,44517,44.517,13255.1945452447,13167.0070629564,0.458263510819109,0.461332781234967,0.82766240730441,1,0,0.99149201541237,-764,0
delete r=8 mm,BraTS20_Training_190,TC,10095,10.095,3214.83146723733,3257.7382024451,0.702635566431492,0.693381354974656,0.872035613117405,2,0.00455671124318968,1,0,0
delete r=8 mm,BraTS20_Training_190,ET,9769,9.769,3406.40706885628,3425.27195902898,0.648765358516035,0.645192244502712,0.882932393991713,2,0.00470877264817282,1,0,0
3 blobs r=3,BraTS20_Training_190,WT,45650,45.65,13905.5564557229,13826.2404589338,0.444211304462745,0.446759579426071,0.86645898350742,4,0.00808324205914568,0.995941977983306,369,3
3 blobs r=3,BraTS20_Training_190,TC,10464,10.464,3579.62259696379,3615.97651948207,0.646316689804336,0.639818819384871,0.520537859707303,5,0.0396597859327217,0.98205165620896,369,3
3 blobs r=3,BraTS20_Training_190,ET,10138,10.138,3771.19819858274,3783.51027606595,0.600675093539137,0.598720411840327,0.513900632690231,5,0.0409350956796213,0.98146380670116,369,3
dilate 1 mm,BraTS20_Training_192,WT,125246,125.246,17943.4997508863,18482.5884896093,0.674661945876096,0.654983822453545,0.786167998828905,1,0,0.935874288967149,0,0
dilate 1 mm,BraTS20_Training_192,TC,42449,42.449,6331.52155383335,6569.7620874257,0.929439254239266,0.89573482157869,0.890044480436447,1,0,0.934940786832597,0,0
dilate 1 mm,BraTS20_Training_192,ET,27599,27.599,9198.21833159867,9497.44161151643,0.480148940519467,0.46502152550519,0.84403668648248,2,0.000507264755969405,0.837300417070396,0,0
dilate 2 mm,BraTS20_Training_192,WT,141692,141.692,18030.5955938996,18628.6385540505,0.728960963423218,0.705558825304795,0.786479370380059,1,0,0.874759274627447,0,0
dilate 2 mm,BraTS20_Training_192,TC,48381,48.381,6847.17245176056,7118.73425257963,0.937755065689578,0.90198206934917,0.89418273777648,1,0,0.870183550511419,0,0
dilate 2 mm,BraTS20_Training_192,ET,36082,36.082,9539.01620554219,9889.9337852035,0.553572200810206,0.533930186910504,0.862803692487734,2,0.00177373759769417,0.71036688886109,0,0
erode 1 mm,BraTS20_Training_192,WT,95642,95.642,16465.4632193759,16949.195178858,0.614246377835626,0.596715716301571,0.783733552071178,1,0,0.929497116034073,0,0
erode 1 mm,BraTS20_Training_192,TC,32394,32.394,5373.59994578757,5573.09617250178,0.91452415075797,0.881787569211894,0.8779869971424,1,0,0.930100348852233,0,0
erode 1 mm,BraTS20_Training_192,ET,12429,12.429,8337.8621513664,8649.02609664853,0.311209996801997,0.300013669107522,0.76349345548504,2,0.000804569957357781,0.769502228826152,0,0
erode 2 mm,BraTS20_Training_192,WT,81187,81.187,15094.8701219887,15548.5479682492,0.600683551280776,0.583156717239059,0.78823727303576,1,0,0.848623901159205,0,0
erode 2 mm,BraTS20_Training_192,TC,27690,27.69,4870.44476065534,5053.15316318811,0.908791255596222,0.875931812554726,0.872165691010825,1,0,0.852616507320678,0,0
erode 2 mm,BraTS20_Training_192,ET,5188,5.188,6066.12479455338,6182.58957452706,0.238912805912294,0.234412276314128,0.661478883326179,7,0.00154202004626058,0.413996728244823,0,0
shift 2 vox,BraTS20_Training_192,WT,110151,110.151,17718.2761730263,18237.4484994658,0.627174348378126,0.609320339603805,0.784598313222328,1,0,0.913863696198854,0,0
shift 2 vox,BraTS20_Training_192,TC,37263,37.263,5905.24183272154,6117.39598788812,0.91361870216877,0.881933978098795,0.884520433137859,1,0,0.911493975256957,0,0
shift 2 vox,BraTS20_Training_192,ET,19875,19.875,8905.16276604942,9193.40966921043,0.39845598475608,0.385962937259614,0.814137081247514,7,0.000402515723270436,0.742339622641509,0,0
delete r=8 mm,BraTS20_Training_192,WT,108275,108.275,18059.6263993608,18577.1664360302,0.608313550859386,0.591366584350671,0.784691520744465,1,0,0.991411278877057,-1876,0
delete r=8 mm,BraTS20_Training_192,TC,36843,36.843,5929.15301322388,6137.60060957702,0.903083949386689,0.872413058507764,0.874951188900471,1,0,0.994332442717189,-420,0
delete r=8 mm,BraTS20_Training_192,ET,19461,19.461,8884.2335146508,9166.60936116059,0.393828910946742,0.381697078147167,0.807527641393048,7,0.000411078567391199,0.98947528981086,-414,0
3 blobs r=3,BraTS20_Training_192,WT,110520,110.52,18083.0673027527,18595.6868165028,0.615893957532058,0.598915866636728,0.792688251143057,4,0.00333876221498375,0.99832782739916,369,3
3 blobs r=3,BraTS20_Training_192,TC,37632,37.632,6270.03296244799,6475.63430492509,0.866135489293488,0.838635693755257,0.95780252722328,4,0.00980548469387754,0.995073102343281,369,3
3 blobs r=3,BraTS20_Training_192,ET,20244,20.244,9269.95389577588,9551.6479862474,0.387499163563802,0.376071164479692,0.988942002441535,10,0.0186228018178226,0.990802362970164,369,3
dilate 1 mm,BraTS20_Training_199,WT,92170,92.17,12375.8725045012,12742.6468825181,0.797323729490676,0.774374187087265,0.832908802383672,1,0,0.940678209600211,0,0
dilate 1 mm,BraTS20_Training_199,TC,43356,43.356,7487.75180807969,7674.10490203645,0.797074328974315,0.777718681740661,0.68403931130006,3,0.00103791862717961,0.922859059402251,0,0
dilate 1 mm,BraTS20_Training_199,ET,41593,41.593,8870.23012794438,8970.97909931395,0.654479530274692,0.647129369414029,0.681921853434863,3,0.00108191282186909,0.892698835274542,0,0
dilate 2 mm,BraTS20_Training_199,WT,103632,103.632,12835.3505125047,13272.5607123369,0.831264010017162,0.803881418834506,0.835502128305124,1,0,0.882547350373897,0,0
dilate 2 mm,BraTS20_Training_199,TC,50377,50.377,8012.46900942917,8262.09381682563,0.82326432427404,0.798390823326281,0.709305995863065,2,0.000655060841256883,0.848828307987615,0,0
dilate 2 mm,BraTS20_Training_199,ET,49512,49.512,8389.32433305167,8587.26850435669,0.777256065127931,0.759339622009203,0.706060684438616,2,0.000666505089675251,0.807571889600694,0,0
erode 1 mm,BraTS20_Training_199,WT,71962,71.962,11089.7490452163,11401.0700621608,0.754451319956117,0.7338500473665,0.831216746015738,1,0,0.935731979272994,0,0
erode 1 mm,BraTS20_Training_199,TC,31428,31.428,6010.11202692627,6172.12680031765,0.801332432248689,0.780297917465996,0.628248306123708,3,0.000381825124093127,0.916615626913991,0,0
erode 1 mm,BraTS20_Training_199,ET,25266,25.266,9496.9669773422,9687.78700272255,0.438453483082112,0.429817279091839,0.645960332466568,3,0.000395788807092567,0.859416986972346,0,0
erode 2 mm,BraTS20_Training_199,WT,62245,62.245,10122.2702380568,10432.9852376382,0.750370659755453,0.728023132760909,0.830962533622424,1,0,0.863961913222108,0,0
erode 2 mm,BraTS20_Training_199,TC,26212,26.212,5276.88616013162,5447.40488843884,0.808673426625157,0.783359728240698,0.604358527989184,1,0,0.827425108115787,0,0
erode 2 mm,BraTS20_Training_199,ET,16730,16.73,8448.86498360817,8577.71188034803,0.374411961748787,0.368787872242571,0.654224515487244,1,0,0.665711670844773,0,0
shift 2 vox,BraTS20_Training_199,WT,81847,81.847,11996.9320668907,12307.9460971086,0.759887152398621,0.740685283629158,0.831851240032841,1,0,0.920180336481484,0,0
shift 2 vox,BraTS20_Training_199,TC,37146,37.146,6956.86850492368,7111.34608232866,0.773888451959524,0.757077511828587,0.656888040690266,4,0.000323049588111801,0.894012814300328,0,0
shift 2 vox,BraTS20_Training_199,ET,33532,33.532,9612.94531463989,9733.18932274288,0.523119156892393,0.516656532766381,0.661493833940298,4,0.000357867112012356,0.840093045449123,0,0
delete r=8 mm,BraTS20_Training_199,WT,79738,79.738,12790.4968580127,13128.0585504682,0.700444293442383,0.682433773436223,0.821105725437073,1,0,0.986948045920104,-2109,0
delete r=8 mm,BraTS20_Training_199,TC,36736,36.736,6970.03435757618,7123.18030646298,0.766732342550719,0.750247858501425,0.651353128313746,4,0.000326655052264813,0.994450610432852,-410,0
delete r=8 mm,BraTS20_Training_199,ET,33147,33.147,9608.2589885902,9737.37910748708,0.519360491505325,0.512473639543081,0.655881898897197,4,0.000362023712553228,0.994226068177387,-385,0
3 blobs r=3,BraTS20_Training_199,WT,82216,82.216,12361.7231966171,12666.1844141455,0.73967794952454,0.721898068723212,0.849809703901451,4,0.00448817748370145,0.997750863997367,369,3
3 blobs r=3,BraTS20_Training_199,TC,37515,37.515,7321.65963465013,7469.58439936563,0.740192288007266,0.725533805795458,0.742237613719633,7,0.01015593762495,0.99505766062603,369,3
3 blobs r=3,BraTS20_Training_199,ET,33901,33.901,9977.73644436635,10091.4276397798,0.5076843419464,0.501964711207427,0.752228329586273,7,0.0112386065307808,0.994527901769164,369,3
dilate 1 mm,BraTS20_Training_206,WT,30980,30.98,8757.70522338668,8826.848421549,0.544688338023116,0.540421640341904,0.642148008003427,1,0,0.861782643838636,0,0
dilate 1 mm,BraTS20_Training_206,TC,7226,7.226,2176.9600776898,2217.63106429908,0.83029476146872,0.815067292991622,0.808006418709842,1,0,0.856736017720117,0,0
dilate 1 mm,BraTS20_Training_206,ET,7030,7.03,2197.76914916221,2228.03212521494,0.807493313998657,0.796525271595804,0.804174545595144,1,0,0.840507999340261,0,0
dilate 2 mm,BraTS20_Training_206,WT,38961,38.961,8909.18074584253,9098.9458091258,0.623830232726687,0.610819804257856,0.663030681164502,1,0,0.751590111668295,0,0
dilate 2 mm,BraTS20_Training_206,TC,9290,9.29,2487.51389508927,2554.42234589254,0.859136991061507,0.836633459023378,0.825101892046117,1,0,0.736484189051343,0,0
dilate 2 mm,BraTS20_Training_206,ET,9103,9.103,2491.48488616435,2558.57813451646,0.846217942104789,0.824027683467103,0.822634416690453,1,0,0.717797027959715,0,0
erode 1 mm,BraTS20_Training_206,WT,16507,16.507,6829.17653023395,6806.64527996631,0.459086532658798,0.46060619368657,0.555060748887777,4,0.000908705397710041,0.826114155593924,0,0
erode 1 mm,BraTS20_Training_206,TC,3838,3.838,1443.93244749412,1463.2039650163,0.820995094675331,0.810181960122023,0.776817884834428,2,0.000260552371026623,0.829568788501027,0,0
erode 1 mm,BraTS20_Training_206,ET,3316,3.316,1682.20647024291,1694.55027125464,0.639265362169853,0.634608690391993,0.756606122483896,2,0.000301568154402854,0.788397527341893,0,0
erode 2 mm,BraTS20_Training_206,WT,10921,10.921,4880.99743805317,4916.21414082733,0.487697447788526,0.484203886366973,0.502631127934092,7,0.00412050178555079,0.635366669575588,0,0
erode 2 mm,BraTS20_Training_206,TC,2644,2.644,1123.95671333513,1145.4914966137,0.822701279391987,0.80723482345837,0.759767427536579,1,0,0.656160813996774,0,0
erode 2 mm,BraTS20_Training_206,ET,1918,1.918,1235.02202406579,1246.29349987942,0.604470564691944,0.599003734165557,0.716389654449926,2,0.000521376433785248,0.546906187624751,0,0
shift 2 vox,BraTS20_Training_206,WT,23456,23.456,8812.0318745486,8740.78730144115,0.449687380698925,0.453352701037336,0.606974661531792,3,0.00110845839017737,0.820259208731241,0,0
shift 2 vox,BraTS20_Training_206,TC,5415,5.415,1976.12766291843,1978.74037969404,0.754631218107794,0.753634807632127,0.79149356765593,1,0,0.860387811634349,0,0
shift 2 vox,BraTS20_Training_206,ET,5096,5.096,2183.71456529538,2188.42853902757,0.655804712637603,0.654392079721478,0.783800054577671,1,0,0.824960753532182,0,0
delete r=8 mm,BraTS20_Training_206,WT,21415,21.415,9299.27261115977,9232.65316426609,0.401033387680127,0.403927097862651,0.639659007908562,3,0.0012141022647677,0.954514051391767,-2041,0
delete r=8 mm,BraTS20_Training_206,TC,4813,4.813,1931.86320338159,1939.82393555915,0.71359477560443,0.710666294937831,0.71031084708917,1,0,0.94114196323817,-602,0
delete r=8 mm,BraTS20_Training_206,ET,4573,4.573,2046.82155626985,2056.80750372993,0.650935978651443,0.647775637943379,0.707273544743239,1,0,0.945909608025649,-523,0
3 blobs r=3,BraTS20_Training_206,WT,23825,23.825,9176.82300427506,9099.02561847814,0.436328628132195,0.440059272273707,0.693197592380767,6,0.016579223504722,0.992195596539836,369,3
3 blobs r=3,BraTS20_Training_206,TC,5784,5.784,2340.91879264489,2336.97869673101,0.665656176184096,0.666778458207246,0.665266785244291,4,0.0637966804979253,0.967050629520493,369,3
3 blobs r=3,BraTS20_Training_206,ET,5465,5.465,2548.50569502184,2546.66685606454,0.58874237243585,0.589167478062709,0.664781873078553,4,0.0675205855443732,0.965060126881924,369,3
dilate 1 mm,BraTS20_Training_215,WT,77497,77.497,12936.5887937471,13272.5287555973,0.679497105773194,0.662298406414981,0.796463279995182,1,0,0.924914510054173,0,0
dilate 1 mm,BraTS20_Training_215,TC,42033,42.033,7224.05841257147,7430.64687358845,0.809275639066466,0.786775981680307,0.769960330027492,1,0,0.922714166720061,0,0
dilate 1 mm,BraTS20_Training_215,ET,34815,34.815,9859.83518041435,10047.9993447672,0.522948276007598,0.513155269262827,0.774683944980104,1,0,0.853996938725127,0,0
dilate 2 mm,BraTS20_Training_215,WT,89456,89.456,13543.6381054362,13977.7609567534,0.714203159553635,0.692021358548136,0.803584075168048,1,0,0.854068456650953,0,0
dilate 2 mm,BraTS20_Training_215,TC,48797,48.797,7740.70294187887,8008.16653510445,0.834255615068797,0.806392432716533,0.774081101858576,1,0,0.849113786719183,0,0
dilate 2 mm,BraTS20_Training_215,ET,43508,43.508,9062.4699187296,9277.10929778802,0.660110984608829,0.644838359559573,0.775232307195068,1,0,0.747105914876461,0,0
erode 1 mm,BraTS20_Training_215,WT,56423,56.423,11063.8557452168,11289.60617276,0.643006064579588,0.630148318102835,0.776665397255432,2,1.77232688797213e-05,0.916739103944108,0,0
erode 1 mm,BraTS20_Training_215,TC,30372,30.372,5920.82900305877,6075.11580064564,0.795091663704307,0.774899102672315,0.763339840774311,2,6.58501251152854e-05,0.915177629794799,0,0
erode 1 mm,BraTS20_Training_215,ET,17091,17.091,9653.08336763991,9876.10245159399,0.332401557721438,0.324895368789995,0.779240500446446,4,0.000351061962436394,0.794283722551412,0,0
erode 2 mm,BraTS20_Training_215,WT,46819,46.819,9608.88189128615,9846.10942216554,0.653771560977929,0.638019896384317,0.765592444706831,3,0.000726200901343454,0.825069829325673,0,0
erode 2 mm,BraTS20_Training_215,TC,25232,25.232,5134.58508122,5300.21274293288,0.810239143424023,0.784919779605561,0.756902073041244,1,0,0.824117320442891,0,0
erode 2 mm,BraTS20_Training_215,ET,8919,8.919,6649.87665585172,6569.35087834707,0.312762476897867,0.316596256230539,0.758126059636111,7,0.000784841349927068,0.511659925996042,0,0
shift 2 vox,BraTS20_Training_215,WT,66672,66.672,12441.3486440902,12690.4378140027,0.639114963986641,0.626570352193785,0.787755145551759,2,2.99976001919555e-05,0.896148308135349,0,0
shift 2 vox,BraTS20_Training_215,TC,36002,36.002,6833.95697610407,6974.25554324863,0.771548034435772,0.756027082695005,0.766413912528296,2,0.000611077162379847,0.904116437975668,0,0
shift 2 vox,BraTS20_Training_215,ET,25944,25.944,10608.0835109082,10843.7510798292,0.399519963125582,0.390837183730142,0.777335163148307,2,0.00084798026518651,0.794249152019735,0,0
delete r=8 mm,BraTS20_Training_215,WT,65106,65.106,12779.0439881171,13039.4541366192,0.612444071958128,0.600212988505028,0.781406867364728,2,3.07191349491198e-05,0.988116377544051,-1566,0
delete r=8 mm,BraTS20_Training_215,TC,35229,35.229,6841.86183322501,6972.37663703892,0.759585563243326,0.745367002496056,0.777973537915375,2,0.000624485509097661,0.989147983321868,-773,0
delete r=8 mm,BraTS20_Training_215,ET,25785,25.785,10603.5347102218,10840.7458560106,0.398056652053815,0.389346598725687,0.780376620492412,2,0.000853209230172625,0.996926288928841,-159,0
3 blobs r=3,BraTS20_Training_215,WT,67041,67.041,12806.1397738167,13048.6761310397,0.623198227291482,0.611614812517662,0.779969301175943,5,0.00553392699989563,0.997240358080366,369,3
3 blobs r=3,BraTS20_Training_215,TC,36371,36.371,7198.74810583053,7332.49386028558,0.737446708972009,0.723995573745553,0.90536623371199,5,0.0107503230595805,0.994901413510563,369,3
3 blobs r=3,BraTS20_Training_215,ET,26313,26.313,10972.8746406346,11201.9893968662,0.389891664649794,0.381917194175117,0.94143345561853,5,0.0148595751149622,0.99293874504851,369,3
dilate 1 mm,BraTS20_Training_236,WT,195117,195.117,27489.2473218138,27930.0392572012,0.591813247483306,0.58247324962853,0.82890491998834,3,0.000522763265117798,0.930968263317216,0,0
dilate 1 mm,BraTS20_Training_236,TC,70752,70.752,13973.2306225716,13977.5167069026,0.592033722161826,0.591852180153096,0.703964305508731,5,0.00146992311171412,0.896740994854202,0,0
dilate 1 mm,BraTS20_Training_236,ET,65918,65.918,17555.3011154167,17393.163675094,0.449516036157303,0.453706382482332,0.700015037882146,4,0.001289480870172,0.834341290893015,0,0
dilate 2 mm,BraTS20_Training_236,WT,219812,219.812,26804.5337801154,27523.8238620747,0.657118153593935,0.639945446308638,0.833009160388274,1,0,0.871978036076258,0,0
dilate 2 mm,BraTS20_Training_236,TC,83483,83.483,13963.809517498,14196.1162033896,0.661523951958161,0.650698706890035,0.70850408322746,2,0.000551010385347883,0.815768382379017,0,0
dilate 2 mm,BraTS20_Training_236,ET,81083,81.083,15015.2720714323,15137.4064210185,0.603352047925482,0.598483974234697,0.705563057512305,3,0.00186228925915422,0.735695630140724,0,0
erode 1 mm,BraTS20_Training_236,WT,143951,143.951,29684.0828666604,29623.3864259668,0.44747654888666,0.44839339996576,0.824115034617205,4,2.77872331557738e-05,0.917268032204518,0,0
erode 1 mm,BraTS20_Training_236,TC,44790,44.79,12581.3366221431,12360.4615543048,0.484780025397427,0.493442794220895,0.693337879121849,3,4.46528242911137e-05,0.875676943830769,0,0
erode 1 mm,BraTS20_Training_236,ET,28268,28.268,17782.579530626,17755.2497171499,0.252359361474774,0.252747806266479,0.66952207333927,3,7.07513796519565e-05,0.749317428760769,0,0
erode 2 mm,BraTS20_Training_236,WT,117218,117.218,27964.0433732331,28378.2512928417,0.414203434320517,0.408157736118249,0.825489305850339,5,5.1186677814008e-05,0.816463278725064,0,0
erode 2 mm,BraTS20_Training_236,TC,33700,33.7,10606.2223473056,10604.5902571742,0.475711150269616,0.475784364175567,0.673837530778002,5,0.000237388724035559,0.738970265766161,0,0
erode 2 mm,BraTS20_Training_236,ET,13772,13.772,10958.5388506454,10569.0018761001,0.25354953331992,0.262894495054685,0.62717916872062,26,0.00697066511763,0.451881746891098,0,0
shift 2 vox,BraTS20_Training_236,WT,169918,169.918,30615.249631423,30139.4838695295,0.484587913618317,0.492237359074153,0.826283588695785,6,0.000153014983698019,0.907714309255052,0,0
shift 2 vox,BraTS20_Training_236,TC,57508,57.508,15409.3538028454,14762.7248931359,0.467575636510067,0.488056132233715,0.700846194265075,14,0.00128677749182726,0.883859636920081,0,0
shift 2 vox,BraTS20_Training_236,ET,47182,47.182,22792.8332286305,22282.2388911637,0.277036319679755,0.283384567573158,0.692192883339078,9,0.00144122758679155,0.802191513712857,0,0
delete r=8 mm,BraTS20_Training_236,WT,168069,168.069,30995.022434565,30540.3717507517,0.475171714081034,0.482245535791484,0.826476147916015,6,0.000154698367932249,0.994529375390178,-1849,0
delete r=8 mm,BraTS20_Training_236,TC,56667,56.667,15445.9178804239,14808.9786631035,0.461909843297809,0.481776743018295,0.699144101605201,14,0.00130587467132548,0.992634114298226,-841,0
delete r=8 mm,BraTS20_Training_236,ET,46348,46.348,22812.6585574159,22319.9905641933,0.273524073947029,0.279561556634218,0.690695887431178,9,0.00146716147406578,0.991083074949214,-834,0
3 blobs r=3,BraTS20_Training_236,WT,170287,170.287,30980.0407611495,30497.7221865664,0.47957492691584,0.487159358754416,0.828649930259055,9,0.00231961335862396,0.998915359856557,369,3
3 blobs r=3,BraTS20_Training_236,TC,57877,57.877,15774.1449325719,15120.9632101728,0.458714327954886,0.478529455513766,0.729331556067353,17,0.00765416313907075,0.996802010659964,369,3
3 blobs r=3,BraTS20_Training_236,ET,47551,47.551,23157.624358357,22640.4772082007,0.274092123771376,0.28035285579505,0.722956945082647,12,0.00919013269962776,0.996104842029705,369,3
dilate 1 mm,BraTS20_Training_242,WT,64947,64.947,11264.3560901056,11376.8189767801,0.693666120601569,0.686809046188204,0.734933852694672,1,0,0.916692381468663,0,0
dilate 1 mm,BraTS20_Training_242,TC,42892,42.892,7896.72461151439,8030.0269498101,0.750391656554277,0.737934791455133,0.656653669875888,1,0,0.916033813922339,0,0
dilate 1 mm,BraTS20_Training_242,ET,37479,37.479,10860.12911281,10964.104747705,0.498702025893355,0.493972696781782,0.652061520498755,1,0,0.846036608833536,0,0
dilate 2 mm,BraTS20_Training_242,WT,75177,75.177,11513.986083257,11792.2427164653,0.748138064080987,0.73048456220763,0.730554937283839,1,0,0.84463057594037,0,0
dilate 2 mm,BraTS20_Training_242,TC,50181,50.181,8244.99743265949,8465.12689289546,0.797969834581154,0.777219210143574,0.663613915331892,1,0,0.838779099365946,0,0
dilate 2 mm,BraTS20_Training_242,ET,47074,47.074,9894.21627087298,10073.9250496616,0.63722106986131,0.625853681309319,0.661739962856324,1,0,0.737149908788497,0,0
erode 1 mm,BraTS20_Training_242,WT,44910,44.91,11284.647581084,11318.5278777846,0.541449753786054,0.539829006061189,0.746770005674465,4,0.000445335114673817,0.899387191092242,0,0
erode 1 mm,BraTS20_Training_242,TC,30154,30.154,6303.7296645728,6385.87789632707,0.743218476937201,0.733657679709523,0.652431536346871,3,0.000563772633813131,0.908239333744974,0,0
erode 1 mm,BraTS20_Training_242,ET,17681,17.681,10167.5948963193,10282.022938202,0.322802660992295,0.319210208744922,0.626786369979737,4,0.000848368304960156,0.783055426382338,0,0
erode 2 mm,BraTS20_Training_242,WT,35086,35.086,9223.79687968772,9259.40028337482,0.561905953044333,0.559745363387534,0.735975453080931,6,0.000228011172547449,0.779307893918529,0,0
erode 2 mm,BraTS20_Training_242,TC,24762,24.762,5411.77005451058,5535.51201083808,0.759163411592535,0.742192918973462,0.645738496814286,1,0,0.811749086200397,0,0
erode 2 mm,BraTS20_Training_242,ET,9045,9.045,7465.57709623637,7543.66561451676,0.281207211499634,0.278296285220835,0.605191146955266,6,0.000995024875621864,0.495304328779126,0,0
shift 2 vox,BraTS20_Training_242,WT,54958,54.958,12041.1493174026,11631.0573395144,0.580546212041327,0.601015317936171,0.742317199160899,3,5.45871392699793e-05,0.888332908766695,0,0
shift 2 vox,BraTS20_Training_242,TC,36247,36.247,7629.5634333363,7647.89080043771,0.6942232400979,0.692559607012178,0.653666271663133,2,0.000137942450409656,0.887218252545038,0,0
shift 2 vox,BraTS20_Training_242,ET,27478,27.478,11905.5980822822,11925.528958669,0.36987614283667,0.369257976908194,0.641175417069729,3,0.000254749253948638,0.774401339253221,0,0
delete r=8 mm,BraTS20_Training_242,WT,53169,53.169,12350.2000090349,11939.9654342421,0.553667623569084,0.572690593391094,0.71629421506151,3,5.6423856006349e-05,0.983454641301433,-1789,0
delete r=8 mm,BraTS20_Training_242,TC,34460,34.46,7933.95492749975,7951.41777612272,0.64546283967165,0.644045278655703,0.634411305476213,2,0.000145095763203762,0.974726689012403,-1787,0
delete r=8 mm,BraTS20_Training_242,ET,26485,26.485,11606.6807106838,11602.0180047449,0.370205390748971,0.370354171665648,0.626034413455698,3,0.000264300547479723,0.981598502677761,-993,0
3 blobs r=3,BraTS20_Training_242,WT,55327,55.327,12405.940447129,11989.2956565514,0.565994894634933,0.585664008742927,0.770960762384508,6,0.0067236611419379,0.996654123407535,369,3
3 blobs r=3,BraTS20_Training_242,TC,36616,36.616,7994.35456306276,8006.12911747467,0.667034020616682,0.666053018654922,0.725742416751865,5,0.0102141140485034,0.994935701247547,369,3
3 blobs r=3,BraTS20_Training_242,ET,27847,27.847,12270.3892120087,12283.767275706,0.362085718661897,0.36169137662501,0.730380669942408,6,0.013502352138471,0.993330320831451,369,3
dilate 1 mm,BraTS20_Training_244,WT,170855,170.855,24943.5487731283,25636.7724365563,0.596958780874351,0.580816891172077,0.773886770415769,1,0,0.933685744510218,0,0
dilate 1 mm,BraTS20_Training_244,TC,71278,71.278,10267.6535061956,10495.8554265865,0.809685925574758,0.792081654591606,0.765406011179713,3,0.000392828081596019,0.934813796401459,0,0
dilate 1 mm,BraTS20_Training_244,ET,43260,43.26,19086.9230522972,19475.6690049824,0.312228501853184,0.305996234998713,0.749649992375674,4,0.000716597318539014,0.767468695243386,0,0
dilate 2 mm,BraTS20_Training_244,WT,193384,193.384,24625.6133514241,25404.8257725426,0.656715743132281,0.636573071469254,0.770437943806037,1,0,0.872357050392434,0,0
dilate 2 mm,BraTS20_Training_244,TC,80760,80.76,10848.0996516455,11172.1339822967,0.832903458301639,0.808746093644584,0.771398510198013,3,0.00127538385339276,0.872964260295575,0,0
dilate 2 mm,BraTS20_Training_244,ET,60630,60.63,18524.4395792205,18997.2496388056,0.402900146396839,0.392872629474831,0.76281731289211,2,0.000758700313376215,0.615231765391072,0,0
erode 1 mm,BraTS20_Training_244,WT,129010,129.01,23120.5459688549,23719.0770971756,0.534033239433296,0.520557356031541,0.78802825858391,1,0,0.926084116376061,0,0
erode 1 mm,BraTS20_Training_244,TC,54307,54.307,8804.65590166395,8976.67186415977,0.787666324543063,0.772572625787873,0.752075989882147,2,1.84138324709204e-05,0.929428979728053,0,0
erode 1 mm,BraTS20_Training_244,ET,12132,12.132,12727.7193199646,12552.8269447523,0.200611181720568,0.203406198828641,0.71547008795775,18,0.0631388064622486,0.621055056438609,0,0
erode 2 mm,BraTS20_Training_244,WT,108871,108.871,20812.8945481547,21371.2264845211,0.529777019099342,0.515936380185596,0.801705452320717,1,0,0.84241029113067,0,0
erode 2 mm,BraTS20_Training_244,TC,46613,46.613,7938.37053104504,8156.8058698996,0.789025056375436,0.767895344782063,0.747150966435439,1,0,0.853976018393837,0,0
erode 2 mm,BraTS20_Training_244,ET,2988,2.988,3784.66034706066,3334.57758998729,0.265080395525249,0.300859474597319,0.696253544903453,46,0.290160642570281,0.199699248120301,0,0
shift 2 vox,BraTS20_Training_244,WT,149604,149.604,25126.368963897,25724.2771375055,0.542396063208619,0.529789176811307,0.779506005385814,2,5.34745060292163e-05,0.910684206304644,0,0
shift 2 vox,BraTS20_Training_244,TC,62554,62.554,10134.2628883801,10201.1075861559,0.751961055933656,0.74703368808673,0.758936425886586,5,0.000591488953544106,0.920564632157816,0,0
shift 2 vox,BraTS20_Training_244,ET,26937,26.937,18779.1326504744,18989.3381261369,0.231406069431725,0.228844483421039,0.735845887202208,11,0.00315551100716482,0.680179678509114,0,0
delete r=8 mm,BraTS20_Training_244,WT,148233,148.233,25198.6515833398,25786.1674294449,0.537530883680369,0.525283700658807,0.77731435181228,2,5.39690892041866e-05,0.995396811007363,-1371,0
delete r=8 mm,BraTS20_Training_244,TC,62554,62.554,10134.2628883801,10201.1075861559,0.751961055933656,0.74703368808673,0.758936425886586,5,0.000591488953544106,1,0,0
delete r=8 mm,BraTS20_Training_244,ET,26937,26.937,18779.1326504744,18989.3381261369,0.231406069431725,0.228844483421039,0.735845887202208,11,0.00315551100716482,1,0,0
3 blobs r=3,BraTS20_Training_244,WT,149973,149.973,25491.1600936234,26082.5154545425,0.535512866647319,0.523371460842924,0.776758367304219,5,0.00251378581478001,0.998768263251184,369,3
3 blobs r=3,BraTS20_Training_244,TC,62923,62.923,10499.0540181065,10559.3459031928,0.72868567942731,0.724525020836252,0.7934282730085,8,0.00645233062632111,0.997059222008814,369,3
3 blobs r=3,BraTS20_Training_244,ET,27306,27.306,19143.9237802008,19347.5764431739,0.229064906309496,0.226653768237468,0.79109266905412,14,0.016626382480041,0.993197278911565,369,3
dilate 1 mm,BraTS20_Training_250,WT,89262,89.262,16627.2873136946,16798.7937176827,0.580907698623826,0.574976951921751,0.854577287879313,1,0,0.905116741182315,0,0
dilate 1 mm,BraTS20_Training_250,TC,5007,5.007,2204.00363944934,2225.19925397994,0.642180151243268,0.636063214559681,0.617569597755181,1,0,0.789410058027079,0,0
dilate 1 mm,BraTS20_Training_250,ET,4991,4.991,2202.00996210432,2220.02987547483,0.641391536621972,0.636185381491275,0.619654653371107,1,0,0.7840175417225,0,0
dilate 2 mm,BraTS20_Training_250,WT,104253,104.253,16117.5990271802,16487.7828060303,0.664624201231332,0.649702055469134,0.856388055793532,1,0,0.828907461077037,0,0
dilate 2 mm,BraTS20_Training_250,TC,7114,7.114,2552.96734453566,2610.91409703262,0.700672014999974,0.685121266746367,0.638648597577836,1,0,0.629155024568841,0,0
dilate 2 mm,BraTS20_Training_250,ET,7089,7.089,2539.42843328213,2599.10730860189,0.702756380608131,0.6866201825067,0.641582329238654,1,0,0.624429999029786,0,0
erode 1 mm,BraTS20_Training_250,WT,58684,58.684,15175.9241566585,15161.4759831048,0.481218279437455,0.481676857825619,0.835156700326221,6,0.000323767977642997,0.885963389318739,0,0
erode 1 mm,BraTS20_Training_250,TC,1851,1.851,1186.33129453321,1175.94541154432,0.614538482132421,0.619966051052662,0.614951354685334,4,0.2247433819557,0.723612197028929,0,0
erode 1 mm,BraTS20_Training_250,ET,1731,1.731,1302.3759695975,1296.66370825172,0.53531875844648,0.53767702654027,0.621985895716505,4,0.240323512420566,0.699535259648414,0,0
erode 2 mm,BraTS20_Training_250,WT,45749,45.749,12448.8686628892,12576.8117524882,0.49690722308531,0.491852218159042,0.807733667848277,4,0.000131150407659208,0.765417433495064,0,0
erode 2 mm,BraTS20_Training_250,TC,956,0.956,678.66507586402,667.371714925098,0.691513322815564,0.703215211544106,0.680704563038896,4,0.105648535564854,0.452973229092632,0,0
erode 2 mm,BraTS20_Training_250,ET,710,0.71,795.919564769492,788.286837395116,0.483563868488907,0.488246061570389,0.708034229517964,4,0.142253521126761,0.361507128309572,0,0
shift 2 vox,BraTS20_Training_250,WT,73791,73.791,18406.0030667111,18152.0379191766,0.462232237965042,0.468699328824629,0.84952455045625,2,0.00150424848558772,0.876678727758128,0,0
shift 2 vox,BraTS20_Training_250,TC,3265,3.265,1897.00421139299,1879.60258124941,0.561053944281187,0.566248262126021,0.605693914669717,4,0.323430321592649,0.719754977029097,0,0
shift 2 vox,BraTS20_Training_250,ET,3218,3.218,1952.98808692598,1938.81966859541,0.539728341211716,0.54367254347406,0.608322891391255,3,0.327532628962088,0.706960845245494,0,0
delete r=8 mm,BraTS20_Training_250,WT,72733,72.733,18513.691814593,18257.8139656678,0.455140443718611,0.461519102079168,0.855014143924687,2,0.00152612981727684,0.992779339903361,-1058,0
delete r=8 mm,BraTS20_Training_250,TC,3265,3.265,1897.00421139299,1879.60258124941,0.561053944281187,0.566248262126021,0.605693914669717,4,0.323430321592649,1,0,0
delete r=8 mm,BraTS20_Training_250,ET,3218,3.218,1952.98808692598,1938.81966859541,0.539728341211716,0.54367254347406,0.608322891391255,3,0.327532628962088,1,0,0
3 blobs r=3,BraTS20_Training_250,WT,74160,74.16,18770.7941964376,18510.2762362136,0.454758987077923,0.461159371501969,0.829480243975942,5,0.00647249190938515,0.997505931017702,369,3
3 blobs r=3,BraTS20_Training_250,TC,3634,3.634,2261.79534111945,2237.84089828638,0.505383161604148,0.510792917079933,0.351979714714887,7,0.392129884424876,0.946513987534425,369,3
3 blobs r=3,BraTS20_Training_250,ET,3587,3.587,2317.77921665244,2297.05798563239,0.488914568053446,0.493324953762936,0.351319124191564,6,0.396710342904934,0.945775165319618,369,3
dilate 1 mm,BraTS20_Training_253,WT,51412,51.412,9158.61929779792,9368.41398540993,0.730068790996967,0.713719753242976,0.879577077960118,1,0,0.920970060759972,0,0
dilate 1 mm,BraTS20_Training_253,TC,31063,31.063,5768.93552284774,5981.56701724267,0.828356664255296,0.798910414651325,0.755843648123343,1,0,0.918720412141465,0,0
dilate 1 mm,BraTS20_Training_253,ET,21783,21.783,8185.1148546713,8361.67667084931,0.460826884328514,0.451096248375518,0.683477696511006,1,0,0.805822049229757,0,0
dilate 2 mm,BraTS20_Training_253,WT,59936,59.936,9662.70671353636,9952.43779487643,0.766497066523949,0.744183134148275,0.88746493227797,1,0,0.845352880549428,0,0
dilate 2 mm,BraTS20_Training_253,TC,36511,36.511,6300.9141096651,6551.54926724906,0.844688114938983,0.812373843892385,0.767833575046105,1,0,0.839151723260842,0,0
dilate 2 mm,BraTS20_Training_253,ET,29204,29.204,7973.61901041516,8184.32541553579,0.575162024425863,0.560354411534686,0.703125337978421,1,0,0.669612554950687,0,0
erode 1 mm,BraTS20_Training_253,WT,36929,36.929,7276.46236534666,7376.36625701741,0.737013656824232,0.727031705011416,0.863970065240351,4,0.000731132714127058,0.913971043187724,0,0
erode 1 mm,BraTS20_Training_253,TC,22070,22.07,4678.75502521657,4842.73048796203,0.813246195052229,0.785709576714464,0.733407510040602,1,0,0.910797928316448,0,0
erode 1 mm,BraTS20_Training_253,ET,7985,7.985,6529.49217683746,6541.78374136959,0.29588389851979,0.295327952897547,0.702292379061105,5,0.00262993112085164,0.704020454946218,0,0
erode 2 mm,BraTS20_Training_253,WT,30716,30.716,6177.07215871019,6337.10467255165,0.767852652937135,0.748461874867521,0.862157806063477,1,0,0.823518372052495,0,0
erode 2 mm,BraTS20_Training_253,TC,18017,18.017,4075.5048179326,4224.10891678005,0.815500752214715,0.786811445953962,0.718424336160055,1,0,0.811393830218419,0,0
erode 2 mm,BraTS20_Training_253,ET,2981,2.981,3258.19985139956,3152.99396476104,0.307431045711513,0.31768909127258,0.768685554710514,6,0.0124119423012412,0.337217194570136,0,0
shift 2 vox,BraTS20_Training_253,WT,43881,43.881,8657.07903881874,8788.72572728428,0.694966311387446,0.684556382083902,0.872197168140896,2,4.55778127207429e-05,0.894578519176865,0,0
shift 2 vox,BraTS20_Training_253,TC,26393,26.393,5304.20192918375,5489.88263959922,0.808208190199483,0.780872693109366,0.745253847347547,1,0,0.891865267305725,0,0
shift 2 vox,BraTS20_Training_253,ET,14699,14.699,8131.90517464356,8324.17307923638,0.356848338241992,0.348606020164493,0.678251913177562,2,0.00612286550105445,0.684400299340091,0,0
delete r=8 mm,BraTS20_Training_253,WT,41779,41.779,9403.63479093741,9569.17626978265,0.619194463152488,0.608482739987065,0.885512028332248,2,4.78709399459598e-05,0.975461125379407,-2102,0
delete r=8 mm,BraTS20_Training_253,TC,24314,24.314,5965.37716167608,6171.56918517929,0.680378360215618,0.657646930553037,0.75947247412164,1,0,0.958999743625141,-2079,0
delete r=8 mm,BraTS20_Training_253,ET,13396,13.396,8023.27871949192,8195.71352318778,0.339976582810319,0.332823600321092,0.698044362200822,2,0.00671842340997308,0.953621640861363,-1303,0
3 blobs r=3,BraTS20_Training_253,WT,44250,44.25,9021.8701685452,9146.96404432126,0.670599257434809,0.661428142319608,0.913570194900495,5,0.00838418079096048,0.995813051026313,369,3
3 blobs r=3,BraTS20_Training_253,TC,26762,26.762,5668.99305891021,5848.12095663619,0.763233182314559,0.739855356097135,0.861896997475158,4,0.0137882071594051,0.99305803781394,369,3
3 blobs r=3,BraTS20_Training_253,ET,15068,15.068,8496.69630437002,8682.41139627336,0.34721976318179,0.33979279994694,0.881672316577953,5,0.0304619060260154,0.987603722242752,369,3
dilate 1 mm,BraTS20_Training_258,WT,138160,138.16,17704.7729667624,18116.3952589575,0.72998731281174,0.713401284152186,0.89637088837449,1,0,0.940872538272248,0,0
dilate 1 mm,BraTS20_Training_258,TC,72423,72.423,9738.51366387753,10035.1403386025,0.862797981461619,0.837294711196836,0.94446348834637,1,0,0.937081718915111,0,0
dilate 1 mm,BraTS20_Training_258,ET,38342,38.342,14572.9962069204,14993.1639114465,0.377327491047299,0.366753283581527,0.866768639420016,3,0.00206040373480776,0.812959551709726,0,0
dilate 2 mm,BraTS20_Training_258,WT,154479,154.479,18053.244614797,18607.4894413527,0.77121444853872,0.748242966028154,0.895650946859048,1,0,0.885485168444481,0,0
dilate 2 mm,BraTS20_Training_258,TC,81663,81.663,10277.5140355878,10652.5405630502,0.8856856320816,0.854504750388919,0.947122012876371,1,0,0.877577107042718,0,0
dilate 2 mm,BraTS20_Training_258,ET,51763,51.763,14819.850716809,15302.3479555489,0.453231327970951,0.438940523390396,0.875417115591628,2,0.00270463458454884,0.673117838558355,0,0
erode 1 mm,BraTS20_Training_258,WT,107881,107.881,15906.6569868142,16251.8732568106,0.688972441640001,0.674337544316176,0.898708020200532,1,0,0.935593955293454,0,0
erode 1 mm,BraTS20_Training_258,TC,55737,55.737,8229.10574213,8484.5610391862,0.85748633507472,0.831668920898966,0.935940118501665,1,0,0.932165972605489,0,0
erode 1 mm,BraTS20_Training_258,ET,15362,15.362,10708.977024964,10884.4060029534,0.279062391365294,0.27456461444488,0.826286153867201,2,0.000130191381330524,0.738185050815694,0,0
erode 2 mm,BraTS20_Training_258,WT,93959,93.959,14170.4037211707,14550.6084103161,0.705332926469107,0.686902708399183,0.899984927973305,1,0,0.867208446973368,0,0
erode 2 mm,BraTS20_Training_258,TC,48361,48.361,7382.49634123754,7645.58776433123,0.869516309461854,0.839595485803701,0.932185631013187,1,0,0.861973086177703,0,0
erode 2 mm,BraTS20_Training_258,ET,6834,6.834,6118.36931741571,5967.86764211858,0.284641630901939,0.291819913812858,0.798587061989791,17,0.0937957272461223,0.413017858761672,0,0
shift 2 vox,BraTS20_Training_258,WT,122734,122.734,17799.0546894662,18115.7097435466,0.671012245768856,0.659283231450318,0.89745291377633,1,0,0.930125311649584,0,0
shift 2 vox,BraTS20_Training_258,TC,63849,63.849,9502.1083430769,9719.05237947502,0.813018097696019,0.794870296769317,0.940590761869869,1,0,0.936694388322448,0,0
shift 2 vox,BraTS20_Training_258,ET,26259,26.259,13499.866277862,13855.6763736628,0.316475513574212,0.308348506290939,0.854355829738255,5,0.00102821889637839,0.706462546174645,0,0
delete r=8 mm,BraTS20_Training_258,WT,120865,120.865,18091.2219712584,18405.7882323441,0.653456365863809,0.642288393962925,0.878877493113587,1,0,0.992327554710816,-1869,0
delete r=8 mm,BraTS20_Training_258,TC,63141,63.141,9501.6904893979,9722.71327385079,0.807032235458575,0.788686275148913,0.924690958176851,1,0,0.994424757854949,-708,0
delete r=8 mm,BraTS20_Training_258,ET,26085,26.085,13394.7753561522,13744.7402475098,0.317547904184927,0.309462584579919,0.844789735004751,5,0.00103507763082233,0.996675836772123,-174,0
3 blobs r=3,BraTS20_Training_258,WT,123103,123.103,18163.8458191927,18473.9480605836,0.658853325253695,0.647793865075557,0.887590207302708,4,0.00299748990682602,0.998499005438563,369,3
3 blobs r=3,BraTS20_Training_258,TC,64218,64.218,9866.89947280336,10077.290696512,0.785973562716945,0.76956419787448,0.897104077836575,4,0.00574605250864246,0.997118695682729,369,3
3 blobs r=3,BraTS20_Training_258,ET,26628,26.628,13864.6574075885,14213.9146906998,0.31102885429936,0.303386407092829,0.799095482227344,8,0.0148715637674628,0.993022860060128,369,3
dilate 1 mm,BraTS20_Training_266,WT,60694,60.694,9111.15204275291,9223.18474412578,0.819737250427522,0.809780019695496,0.903087164898783,1,0,0.934894005334831,0,0
dilate 1 mm,BraTS20_Training_266,TC,33841,33.841,6244.06833243537,6363.11958221785,0.810298937227603,0.795138590179601,0.975774781398255,1,0,0.918420505936686,0,0
dilate 1 mm,BraTS20_Training_266,ET,0,0,NaN,NaN,NaN,NaN,NaN,0,NaN,NaN,0,0
dilate 2 mm,BraTS20_Training_266,WT,69017,69.017,9524.87555109515,9762.69817429583,0.854270742903445,0.833460419223071,0.904820808601446,1,0,0.871266078452216,0,0
dilate 2 mm,BraTS20_Training_266,TC,39626,39.626,6677.38922518924,6861.60780266208,0.841778035031808,0.819178207612165,0.976392024624076,1,0,0.840700974225447,0,0
dilate 2 mm,BraTS20_Training_266,ET,0,0,NaN,NaN,NaN,NaN,NaN,0,NaN,NaN,0,0
erode 1 mm,BraTS20_Training_266,WT,46289,46.289,7755.0760884592,7841.59586436754,0.803926961024207,0.79505688129585,0.899295662396928,1,0,0.929843415726726,0,0
erode 1 mm,BraTS20_Training_266,TC,24016,24.016,5079.42547702072,5172.12551002689,0.792507379381647,0.778303265408796,0.97032663937643,1,0,0.910524719441917,0,0
erode 1 mm,BraTS20_Training_266,ET,0,0,NaN,NaN,NaN,NaN,NaN,0,NaN,NaN,0,0
erode 2 mm,BraTS20_Training_266,WT,39656,39.656,6834.0690273334,6981.64486406143,0.822894261998203,0.805500179139851,0.897099948846158,1,0,0.853459593242225,0,0
erode 2 mm,BraTS20_Training_266,TC,19669,19.669,4407.85325428332,4512.71696003069,0.799426456952774,0.780849882908568,0.969972875931952,1,0,0.812684640016527,0,0
erode 2 mm,BraTS20_Training_266,ET,0,0,NaN,NaN,NaN,NaN,NaN,0,NaN,NaN,0,0
shift 2 vox,BraTS20_Training_266,WT,53274,53.274,8815.57828422858,8843.92297579811,0.776682504400633,0.774193244137407,0.90128527970989,2,1.87708826069333e-05,0.918346660659984,0,0
shift 2 vox,BraTS20_Training_266,TC,28736,28.736,5930.18513179622,6003.61585174651,0.765068080093884,0.755710469394003,0.97363183446022,1,0,0.900542873051225,0,0
shift 2 vox,BraTS20_Training_266,ET,0,0,NaN,NaN,NaN,NaN,NaN,0,NaN,NaN,0,0
delete r=8 mm,BraTS20_Training_266,WT,51179,51.179,9517.28937473941,9565.88465868971,0.700431034992173,0.696872802142049,0.901330362783823,2,1.95392641513248e-05,0.979943132317885,-2095,0
delete r=8 mm,BraTS20_Training_266,TC,27095,27.095,6215.58785995727,6295.69364094992,0.701877550270545,0.692946929987512,0.964234817091908,2,3.69071784461772e-05,0.970607726890079,-1641,0
delete r=8 mm,BraTS20_Training_266,ET,0,0,NaN,NaN,NaN,NaN,NaN,0,NaN,NaN,0,0
3 blobs r=3,BraTS20_Training_266,WT,53643,53.643,9180.36941395504,9202.16129283508,0.74926021464954,0.747485871935074,0.802681936133715,5,0.0068974516712339,0.996548724711692,369,3
3 blobs r=3,BraTS20_Training_266,TC,29105,29.105,6294.97626152268,6361.85416878347,0.726889558106395,0.719248255560604,0.743114736201356,4,0.0126782339804158,0.993620442246849,369,3
3 blobs r=3,BraTS20_Training_266,ET,369,0.369,364.791129726459,358.238317036973,0.682010036480738,0.694485206804146,0.308309420514093,3,0.666666666666667,0,369,3
dilate 1 mm,BraTS20_Training_267,WT,91797,91.797,14346.9514851918,14695.5347030109,0.685925297537552,0.669654909815617,0.664019528747261,1,0,0.928993944767883,0,0
dilate 1 mm,BraTS20_Training_267,TC,63931,63.931,10644.1739809954,11032.4269619447,0.726406672894917,0.700842981686646,0.756493431049709,1,0,0.927584124534505,0,0
dilate 1 mm,BraTS20_Training_267,ET,7984,7.984,3511.10609822272,3547.63900832262,0.550199920810441,0.544534066929371,0.432662806894475,1,0,0.793957703927492,0,0
dilate 2 mm,BraTS20_Training_267,WT,105028,105.028,14890.0834589487,15351.0150182928,0.722975737298872,0.701267574446837,0.668070085362811,1,0,0.862428446870617,0,0
dilate 2 mm,BraTS20_Training_267,TC,73872,73.872,11325.9156324746,11761.6315102167,0.751733735373496,0.72388536042211,0.766987916304127,1,0,0.856196146134134,0,0
dilate 2 mm,BraTS20_Training_267,ET,11337,11.337,3918.61078667536,4019.55613124054,0.622803090953888,0.60716229118399,0.455638423995514,1,0,0.633520159103236,0,0
erode 1 mm,BraTS20_Training_267,WT,68244,68.244,11980.8112282922,12261.0650920777,0.674073957342454,0.658666500518455,0.656753579754932,2,8.7919817126747e-05,0.923033225354875,0,0
erode 1 mm,BraTS20_Training_267,TC,47134,47.134,9153.91535724272,9473.00290500348,0.689339921634133,0.666120274456399,0.729759057541772,1,0,0.920307328835997,0,0
erode 1 mm,BraTS20_Training_267,ET,2990,2.99,2062.24956355685,2043.47194654178,0.486695162580367,0.491167440940483,0.370334850863042,3,0.00100334448160533,0.725200097016735,0,0
erode 2 mm,BraTS20_Training_267,WT,57812,57.812,10551.6563373949,10842.633631414,0.685239120756197,0.666849767035349,0.650334044811839,2,1.72974468968246e-05,0.841287280717711,0,0
erode 2 mm,BraTS20_Training_267,TC,39065,39.065,8184.15287255127,8462.93936592515,0.680302829456197,0.657892265932599,0.716069617215541,1,0,0.827981602763824,0,0
erode 2 mm,BraTS20_Training_267,ET,1384,1.384,1242.56804874102,1246.35391962472,0.483342149600485,0.481873970343997,0.324747690898377,2,0.28106936416185,0.416867469879518,0,0
shift 2 vox,BraTS20_Training_267,WT,79625,79.625,13993.7267424818,14222.2949536522,0.639612632025223,0.629333340559225,0.660663375931069,3,0.000527472527472539,0.91476295133438,0,0
shift 2 vox,BraTS20_Training_267,TC,55297,55.297,10002.0654355411,10355.0982835944,0.70177110098033,0.677845857233193,0.743972587586667,1,0,0.916360742897445,0,0
shift 2 vox,BraTS20_Training_267,ET,5256,5.256,3008.25253366826,2979.19928538832,0.48596695364291,0.490706119172817,0.406928240081352,5,0.0030441400304414,0.725456621004566,0,0
delete r=8 mm,BraTS20_Training_267,WT,78523,78.523,14102.8969806497,14330.4113756079,0.628792056677994,0.61880914407486,0.662156208408774,3,0.000534875132126911,0.993031843589549,-1102,0
delete r=8 mm,BraTS20_Training_267,TC,54317,54.317,10090.7445690987,10442.002891621,0.687360801597838,0.664238685597414,0.740920576652876,1,0,0.991059536190633,-980,0
delete r=8 mm,BraTS20_Training_267,ET,4969,4.969,2870.67870893281,2834.30121774271,0.490545015774874,0.496841028660868,0.42459575330416,5,0.00321996377540756,0.971931540342298,-287,0
3 blobs r=3,BraTS20_Training_267,WT,79994,79.994,14358.5178722083,14580.5332706892,0.625287078125142,0.615765933922962,0.743125135028093,6,0.00513788534140058,0.997688245133725,369,3
3 blobs r=3,BraTS20_Training_267,TC,55666,55.666,10366.8565652676,10713.3366006313,0.680085807221925,0.658091151091848,0.845544579168818,4,0.00662882190205871,0.996674567198075,369,3
3 blobs r=3,BraTS20_Training_267,ET,5625,5.625,3373.04366339472,3337.43760242529,0.453465076837853,0.458302951607905,0.405661183231772,8,0.0684444444444444,0.966087675765095,369,3
dilate 1 mm,BraTS20_Training_273,WT,265935,265.935,41529.4879683367,42293.191961654,0.48155350396079,0.47285791214298,0.569810691102716,10,0.00165077932577506,0.929444845888929,0,0
dilate 1 mm,BraTS20_Training_273,TC,128376,128.376,17864.7744125204,18190.1747762014,0.688878262817144,0.676555058669272,0.558432050402152,1,0,0.932153269644276,0,0
dilate 1 mm,BraTS20_Training_273,ET,2452,2.452,1800.21671576636,1810.69219772695,0.488471967101901,0.485645987464914,0.600232494540982,4,0.380097879282219,0.684549356223176,0,0
dilate 2 mm,BraTS20_Training_273,WT,304037,304.037,42194.9280948614,43349.7315552129,0.518212835533975,0.504408044726655,0.585239723044923,6,0.00114459753253715,0.863240976671234,0,0
dilate 2 mm,BraTS20_Training_273,TC,145000,145,18265.8282477924,18793.7154278134,0.730729694924525,0.710204597612449,0.565570909272005,1,0,0.871871875765863,0,0
dilate 2 mm,BraTS20_Training_273,ET,4332,4.332,2521.54466213985,2583.147346012,0.509655159210697,0.49750094520307,0.575157340575295,3,0.245152354570637,0.455064194008559,0,0
erode 1 mm,BraTS20_Training_273,WT,197841,197.841,34854.7619521584,35440.6394584704,0.471085281962005,0.463297660901171,0.531576155965799,9,0.000894657831288725,0.922931589861053,0,0
erode 1 mm,BraTS20_Training_273,TC,96768,96.768,14631.5975014832,14869.6296552537,0.696648258143541,0.685496353950163,0.540392719285167,2,1.03339947089554e-05,0.92675895820065,0,0
erode 1 mm,BraTS20_Training_273,ET,487,0.487,597.568089341058,581.682453545024,0.500936527497218,0.51461700760153,0.750701299338993,4,0.17659137577002,0.552467385138968,0,0
erode 2 mm,BraTS20_Training_273,WT,167743,167.743,30034.0124173704,30725.6530342053,0.489741648874878,0.478717466061238,0.512350119045262,6,0.000339805535849447,0.841608027594857,0,0
erode 2 mm,BraTS20_Training_273,TC,83889,83.889,12895.0306250815,13218.0002106277,0.718673710150256,0.701113584063746,0.531104203104513,1,0,0.856219890585449,0,0
erode 2 mm,BraTS20_Training_273,ET,72,0.072,161.209420146258,107.255123638545,0.519176914306616,0.780346956577603,0.780783443535593,4,0.430555555555556,0.106824925816024,0,0
shift 2 vox,BraTS20_Training_273,WT,230882,230.882,40640.438462142,41042.0500230342,0.447836125235473,0.443453883968803,0.552361252847858,17,0.00316178827279734,0.900654879981982,0,0
shift 2 vox,BraTS20_Training_273,TC,112063,112.063,18676.4950683444,18695.5267645789,0.601861980751999,0.601249296523463,0.550066772113446,9,0.00284661306586476,0.931743751282761,0,0
shift 2 vox,BraTS20_Training_273,ET,1276,1.276,1194.63612553113,1169.65786538271,0.476228735616739,0.486398688387068,0.67450327340126,5,0.299373040752351,0.516457680250784,0,0
delete r=8 mm,BraTS20_Training_273,WT,228802,228.802,41324.5906255394,41768.3274630334,0.437772801226346,0.433122006469745,0.549970973017551,17,0.00319053155129767,0.995475152496063,-2080,0
delete r=8 mm,BraTS20_Training_273,TC,110528,110.528,18847.3216467587,18870.7848908054,0.590948121700512,0.590213358410132,0.542188198650126,9,0.00287709901563404,0.993103944004924,-1535,0
delete r=8 mm,BraTS20_Training_273,ET,1276,1.276,1194.63612553113,1169.65786538271,0.476228735616739,0.486398688387068,0.67450327340126,5,0.299373040752351,1,0,0
3 blobs r=3,BraTS20_Training_273,WT,231251,231.251,41005.2295918685,41400.2883400711,0.444324870401078,0.44008493792394,0.557480252446265,20,0.00475241188146214,0.999201528564288,369,3
3 blobs r=3,BraTS20_Training_273,TC,112432,112.432,19041.2861980708,19053.7650816159,0.591626748843364,0.591239274700098,0.576054992008842,12,0.0061192543048243,0.998356310830976,369,3
3 blobs r=3,BraTS20_Training_273,ET,1645,1.645,1559.42725525759,1527.89618241968,0.432145112521016,0.441063257075749,0.899246005468128,8,0.456534954407295,0.873673399520712,369,3
dilate 1 mm,BraTS20_Training_276,WT,66912,66.912,12412.089340192,12531.6712417563,0.642158012292283,0.636030299975765,0.836551726691842,3,0.000283955045432771,0.915737619911849,0,0
dilate 1 mm,BraTS20_Training_276,TC,5570,5.57,1990.8986748544,2022.85068746773,0.763258700768057,0.751202619819888,0.902226702281169,3,0.0118491921005386,0.845117147003939,0,0
dilate 1 mm,BraTS20_Training_276,ET,4110,4.11,1843.13455940368,1860.96489320616,0.673216828203264,0.666766582520431,0.834972576553083,1,0,0.770381451009723,0,0
dilate 2 mm,BraTS20_Training_276,WT,78308,78.308,12845.7635005091,13128.3819636634,0.689067273142288,0.674233523310478,0.830562140412681,2,0.000421412882464112,0.83833259160362,0,0
dilate 2 mm,BraTS20_Training_276,TC,7532,7.532,2423.97534652721,2494.69089034558,0.766589383245605,0.744859322286393,0.915789075550025,2,0.0293414763674986,0.702274293590627,0,0
dilate 2 mm,BraTS20_Training_276,ET,5833,5.833,2008.91238601312,2070.13782873411,0.780041626162122,0.756971474387843,0.841957782354015,1,0,0.612511893434824,0,0
erode 1 mm,BraTS20_Training_276,WT,47102,47.102,9382.18097412279,9481.41133653102,0.672264044588245,0.665228277189199,0.844520027026085,5,0.000509532503927601,0.909182156851391,0,0
erode 1 mm,BraTS20_Training_276,TC,2813,2.813,1291.36746641192,1319.98741760077,0.746243861365581,0.730063811008679,0.835271175660861,1,0,0.816664247350849,0,0
erode 1 mm,BraTS20_Training_276,ET,1127,1.127,1426.24116836819,1422.66802627121,0.36720374377424,0.368126004716933,0.821575727131151,1,0,0.608860075634792,0,0
erode 2 mm,BraTS20_Training_276,WT,39165,39.165,7903.32836319016,8070.45267633278,0.705677362038951,0.691064074636013,0.831081841818998,3,5.10660028085752e-05,0.818692057652309,0,0
erode 2 mm,BraTS20_Training_276,TC,1757,1.757,970.862947426471,990.090035254023,0.725282789544876,0.711198135222693,0.839227398615108,1,0,0.602434424824276,0,0
erode 2 mm,BraTS20_Training_276,ET,160,0.16,316.06998203313,236.219256163946,0.450935259029746,0.603367826713996,0.749245528872053,8,0.60625,0.117001828153565,0,0
shift 2 vox,BraTS20_Training_276,WT,56512,56.512,11907.6861498274,11848.8002171463,0.598067950753016,0.601040217011315,0.842226335933895,11,0.0011678935447339,0.885528737259343,0,0
shift 2 vox,BraTS20_Training_276,TC,4076,4.076,1642.94846192518,1655.33235472366,0.751074414476819,0.745455467317341,0.856144429406026,6,0.00269872423945039,0.779195289499509,0,0
shift 2 vox,BraTS20_Training_276,ET,2575,2.575,1781.84621347399,1797.44587208486,0.509876968374499,0.50545185228966,0.833679533214088,1,0,0.623300970873786,0,0
delete r=8 mm,BraTS20_Training_276,WT,54403,54.403,12701.2509409494,12668.9126705059,0.546662807380584,0.548058201773633,0.841894774536776,11,0.00121316839144903,0.980985439300365,-2109,0
delete r=8 mm,BraTS20_Training_276,TC,3865,3.865,1652.37172105647,1664.4038782513,0.720791023661123,0.715580346724688,0.851889781483469,6,0.0028460543337645,0.973429039163833,-211,0
delete r=8 mm,BraTS20_Training_276,ET,2481,2.481,1763.88363798923,1779.65151989747,0.502456770149676,0.498004955326867,0.830991139067764,1,0,0.981408227848101,-94,0
3 blobs r=3,BraTS20_Training_276,WT,56881,56.881,12272.4772795538,12207.0385341833,0.582814081565393,0.585938395638388,0.872163742097715,14,0.0076475448743869,0.996745830871394,369,3
3 blobs r=3,BraTS20_Training_276,TC,4445,4.445,2007.73959165163,2013.57067176064,0.651165303289846,0.649279599896895,0.515975443593871,9,0.0854893138357705,0.956695223565309,369,3
3 blobs r=3,BraTS20_Training_276,ET,2944,2.944,2146.63734320045,2155.68418912183,0.462754497269611,0.460812436991324,0.490928374620419,4,0.125339673913043,0.933140061605363,369,3
dilate 1 mm,BraTS20_Training_279,WT,178790,178.79,18670.0493997981,19209.8381232216,0.822054870918363,0.7989554597463,0.932518225067168,1,0,0.95289215298703,0,0
dilate 1 mm,BraTS20_Training_279,TC,149104,149.104,16426.0197203999,16826.1169696731,0.827836646076861,0.808152058982891,0.889436626635333,1,0,0.950448563856558,0,0
dilate 1 mm,BraTS20_Training_279,ET,0,0,NaN,NaN,NaN,NaN,NaN,0,NaN,NaN,0,0
dilate 2 mm,BraTS20_Training_279,WT,196085,196.085,19298.3557523812,19973.3310142511,0.845785167680175,0.817202851358811,0.939110760403903,1,0,0.906958984135478,0,0
dilate 2 mm,BraTS20_Training_279,TC,164127,164.127,16998.0234829181,17541.6371249137,0.852849476354837,0.826419753369813,0.892363672032312,1,0,0.902718350537519,0,0
dilate 2 mm,BraTS20_Training_279,ET,0,0,NaN,NaN,NaN,NaN,NaN,0,NaN,NaN,0,0
erode 1 mm,BraTS20_Training_279,WT,147204,147.204,16825.9721974434,17279.9625193017,0.801278884763502,0.780227169032886,0.91409356601857,2,0.000495910437216418,0.949988222273134,0,0
erode 1 mm,BraTS20_Training_279,TC,121553,121.553,14638.8957211698,14959.8285316336,0.810624256915485,0.793233955920263,0.878553066666744,1,0,0.947493549719773,0,0
erode 1 mm,BraTS20_Training_279,ET,0,0,NaN,NaN,NaN,NaN,NaN,0,NaN,NaN,0,0
erode 2 mm,BraTS20_Training_279,WT,132214,132.214,15533.1064820819,16024.8900620987,0.807998897359,0.783202434553141,0.904014743853307,2,7.56349554510427e-05,0.896618370592404,0,0
erode 2 mm,BraTS20_Training_279,TC,108712,108.712,13402.8768494,13796.8514017812,0.821872446959946,0.798403553951237,0.873371741229784,1,0,0.892043473087795,0,0
erode 2 mm,BraTS20_Training_279,ET,0,0,NaN,NaN,NaN,NaN,NaN,0,NaN,NaN,0,0
shift 2 vox,BraTS20_Training_279,WT,162703,162.703,18496.5730516929,18858.013370339,0.779213664081516,0.764278939542505,0.92423950104055,3,1.84385045143287e-05,0.941187316767361,0,0
shift 2 vox,BraTS20_Training_279,TC,135025,135.025,16294.68414841,16528.2493397037,0.781113784220884,0.770075652675068,0.884406480305051,1,0,0.942492131086836,0,0
shift 2 vox,BraTS20_Training_279,ET,0,0,NaN,NaN,NaN,NaN,NaN,0,NaN,NaN,0,0
delete r=8 mm,BraTS20_Training_279,WT,161490,161.49,18648.2788921783,19014.6754761347,0.769028541848254,0.754210017543075,0.927678696886372,3,1.857700167196e-05,0.996258401631127,-1213,0
delete r=8 mm,BraTS20_Training_279,TC,133950,133.95,16385.6280805449,16626.8291276074,0.772650061296887,0.761441429610869,0.889466473844226,1,0,0.996003346035877,-1075,0
delete r=8 mm,BraTS20_Training_279,ET,0,0,NaN,NaN,NaN,NaN,NaN,0,NaN,NaN,0,0
3 blobs r=3,BraTS20_Training_279,WT,163072,163.072,18861.3641814194,19216.2516873759,0.765298077367007,0.751164481991142,0.924744378914689,6,0.0022812009419152,0.998867316399355,369,3
3 blobs r=3,BraTS20_Training_279,TC,135394,135.394,16659.4752781365,16886.4876567407,0.765401106003186,0.755111486918857,0.879869715278483,4,0.00272537926348282,0.998635450911364,369,3
3 blobs r=3,BraTS20_Training_279,ET,369,0.369,364.791129726459,358.238317036973,0.682010036480738,0.694485206804146,0.737921975099568,3,0.666666666666667,0,369,3
dilate 1 mm,BraTS20_Training_280,WT,45735,45.735,7705.65565733121,7887.88233500811,0.802614464693002,0.784072381895024,0.917223279527904,1,0,0.923527750317752,0,0
dilate 1 mm,BraTS20_Training_280,TC,1344,1.344,737.136425998881,723.246826474428,0.798979735282028,0.814323748065764,0.734772201058944,4,0.0223214285714286,0.761290322580645,0,0
dilate 1 mm,BraTS20_Training_280,ET,1194,1.194,661.365715651983,661.718374862486,0.822959881810915,0.822521289815861,0.913216653190563,1,0,0.73315649867374,0,0
dilate 2 mm,BraTS20_Training_280,WT,52911,52.911,8168.97841173531,8424.32163162745,0.83434760293057,0.809058325911309,0.91575327022927,1,0,0.851608282328428,0,0
dilate 2 mm,BraTS20_Training_280,TC,2092,2.092,1012.83936760445,1021.29687918443,0.781000546699216,0.774532964840987,0.644730833804709,4,0.0587954110898662,0.56614119259767,0,0
dilate 2 mm,BraTS20_Training_280,ET,1839,1.839,824.320545572559,842.769259232306,0.880594197702227,0.861317473941987,0.912488570173876,1,0,0.546245059288538,0,0
erode 1 mm,BraTS20_Training_280,WT,33036,33.036,6803.24177321112,6943.48889721745,0.731857494076936,0.717075169190106,0.92486701849839,1,0,0.914200323772363,0,0
erode 1 mm,BraTS20_Training_280,TC,433,0.433,338.564012767147,334.114428647874,0.817526668401932,0.828414117038989,0.860010714840905,1,0,0.687847498014297,0,0
erode 1 mm,BraTS20_Training_280,ET,310,0.31,308.04342879892,300.053691841269,0.719084572834346,0.7382321345657,0.87533526854818,1,0,0.619380619380619,0,0
erode 2 mm,BraTS20_Training_280,WT,27064,27.064,6163.86287640491,6304.76593787574,0.707227509969268,0.69142192379954,0.924330787110159,3,0.000221696718888609,0.816397942715796,0,0
erode 2 mm,BraTS20_Training_280,TC,184,0.184,190.968847027379,186.59793375992,0.819219246808362,0.838408828400619,0.756763281951021,1,0,0.364356435643564,0,0
erode 2 mm,BraTS20_Training_280,ET,90,0.09,136.243830968058,127.004751457907,0.712845836363089,0.764702473890718,0.753719863825493,1,0,0.230473751600512,0,0
shift 2 vox,BraTS20_Training_280,WT,39237,39.237,7508.07695014077,7614.80672778843,0.743736802711175,0.733312524535857,0.920610858737404,1,0,0.900221729490022,0,0
shift 2 vox,BraTS20_Training_280,TC,826,0.826,545.469865281731,527.290537926745,0.780488892087774,0.807397706196182,0.81611960214506,5,0.00726392251815977,0.711864406779661,0,0
shift 2 vox,BraTS20_Training_280,ET,691,0.691,535.140533016076,521.773504736606,0.706320225597936,0.724415054760822,0.906673834490077,2,0.0014471780028944,0.681620839363242,0,0
delete r=8 mm,BraTS20_Training_280,WT,37977,37.977,7700.91854691724,7813.28581991902,0.709504843171843,0.69930105359518,0.912038813104771,1,0,0.98368171575103,-1260,0
delete r=8 mm,BraTS20_Training_280,TC,825,0.825,542.465784973834,527.290537926745,0.78417755170429,0.806745921928956,0.817785515543713,4,0.0060606060606061,0.999394306480921,-1,0
delete r=8 mm,BraTS20_Training_280,ET,691,0.691,535.140533016076,521.773504736606,0.706320225597936,0.724415054760822,0.906673834490077,2,0.0014471780028944,1,0,0
3 blobs r=3,BraTS20_Training_280,WT,39606,39.606,7872.86807986723,7973.0450448254,0.713715516976698,0.70474807054534,0.844229969767411,4,0.00931677018633537,0.995319812792512,369,3
3 blobs r=3,BraTS20_Training_280,TC,1195,1.195,910.260995008189,885.528854963717,0.598269405818878,0.614978610319777,0.252102847656066,8,0.313807531380753,0.817417120237506,369,3
3 blobs r=3,BraTS20_Training_280,ET,1060,1.06,899.931662742534,880.011821773578,0.558656902725386,0.571302592684495,0.252994307792995,5,0.349056603773585,0.789263278126785,369,3
dilate 1 mm,BraTS20_Training_281,WT,163235,163.235,22910.3854816443,23186.6322360374,0.630464421886544,0.622953035647546,0.602193961566736,2,0.000355315955524294,0.934156486082363,0,0
dilate 1 mm,BraTS20_Training_281,TC,26262,26.262,5442.45869679232,5550.60876227542,0.785068431051604,0.769771874247961,0.664678033271303,1,0,0.907207057256991,0,0
dilate 1 mm,BraTS20_Training_281,ET,0,0,NaN,NaN,NaN,NaN,NaN,0,NaN,NaN,0,0
dilate 2 mm,BraTS20_Training_281,WT,184164,184.164,22904.369146132,23465.4581460301,0.683442973288077,0.667100981071979,0.613585507212219,1,0,0.874409820585458,0,0
dilate 2 mm,BraTS20_Training_281,TC,31299,31.299,5849.36844350137,6024.61867304148,0.82109887052666,0.797213912267172,0.677452970266075,1,0,0.821152144027419,0,0
dilate 2 mm,BraTS20_Training_281,ET,0,0,NaN,NaN,NaN,NaN,NaN,0,NaN,NaN,0,0
erode 1 mm,BraTS20_Training_281,WT,123555,123.555,21301.2832395006,21564.8585562596,0.56318607396353,0.556302562650347,0.58428224798109,6,0.000226619724009502,0.92681774197178,0,0
erode 1 mm,BraTS20_Training_281,TC,17731,17.731,4278.98857188492,4359.4793488035,0.7684786701746,0.754289947105023,0.642967586598137,1,0,0.897022740495282,0,0
erode 1 mm,BraTS20_Training_281,ET,0,0,NaN,NaN,NaN,NaN,NaN,0,NaN,NaN,0,0
erode 2 mm,BraTS20_Training_281,WT,104885,104.885,19276.6896284025,19687.711743527,0.557948256236048,0.546299920695807,0.572894482978687,3,1.90685035992288e-05,0.846010518164806,0,0
erode 2 mm,BraTS20_Training_281,TC,14097,14.097,3655.54362734414,3747.82548938673,0.771998789914971,0.752990037765298,0.630159589847951,1,0,0.785370066018552,0,0
erode 2 mm,BraTS20_Training_281,ET,0,0,NaN,NaN,NaN,NaN,NaN,0,NaN,NaN,0,0
shift 2 vox,BraTS20_Training_281,WT,143067,143.067,23895.3387320649,23884.4021383868,0.553601485496792,0.553854977900386,0.593524797551587,5,0.000657034815855551,0.910838977541991,0,0
shift 2 vox,BraTS20_Training_281,TC,21802,21.802,5087.12623685929,5129.32349476429,0.741895095254783,0.735791768236147,0.65357962444072,4,0.00146775525181175,0.860379781671406,0,0
shift 2 vox,BraTS20_Training_281,ET,0,0,NaN,NaN,NaN,NaN,NaN,0,NaN,NaN,0,0
delete r=8 mm,BraTS20_Training_281,WT,141047,141.047,24388.9478063151,24374.6016303994,0.537279531521509,0.537595758502035,0.595147422407698,5,0.000666444518493847,0.992890177886341,-2020,0
delete r=8 mm,BraTS20_Training_281,TC,21802,21.802,5087.12623685929,5129.32349476429,0.741895095254783,0.735791768236147,0.65357962444072,4,0.00146775525181175,1,0,0
delete r=8 mm,BraTS20_Training_281,ET,0,0,NaN,NaN,NaN,NaN,NaN,0,NaN,NaN,0,0
3 blobs r=3,BraTS20_Training_281,WT,143436,143.436,24260.1298617913,24242.6404554237,0.546214360016141,0.546608416304015,0.601026113010467,8,0.00322792046627063,0.998712055371148,369,3
3 blobs r=3,BraTS20_Training_281,TC,22171,22.171,5451.91736658575,5487.56181180126,0.700043532673214,0.695496401505565,0.802680361385251,7,0.0180866898200351,0.99160848702613,369,3
3 blobs r=3,BraTS20_Training_281,ET,369,0.369,364.791129726459,358.238317036973,0.682010036480738,0.694485206804146,0.595966687391279,3,0.666666666666667,0,369,3
dilate 1 mm,BraTS20_Training_292,WT,88984,88.984,13876.9744398682,13979.2250228522,0.694593346568739,0.689512766314298,0.651027305798253,2,0.000258473433426221,0.927929447483193,0,0
dilate 1 mm,BraTS20_Training_292,TC,63342,63.342,10756.7255845168,10854.874606153,0.714384269540385,0.707924856634043,0.705309720488305,1,0,0.918810968584377,0,0
dilate 1 mm,BraTS20_Training_292,ET,7084,7.084,4724.45399975,4624.9293720795,0.377559035556958,0.385683791507674,0.49246285907349,19,0.511434217955957,0.700064226075787,0,0
dilate 2 mm,BraTS20_Training_292,WT,101720,101.72,14287.1916055091,14612.4514728438,0.737578343087531,0.721160520625128,0.664212622059878,1,0,0.861810450934318,0,0
dilate 2 mm,BraTS20_Training_292,TC,73260,73.26,11056.8971851104,11318.8506984811,0.765764912144871,0.748042723338262,0.713444074572821,1,0,0.847107145386304,0,0
dilate 2 mm,BraTS20_Training_292,ET,12039,12.039,6499.01339989096,6576.57515295648,0.390868166599872,0.386258408555009,0.567393157434351,13,0.242295871750145,0.481266557335688,0,0
erode 1 mm,BraTS20_Training_292,WT,65870,65.87,11511.2129178865,11547.6599718078,0.68520650902462,0.683043840688124,0.619444451366204,5,0.000197358433277617,0.921967947372104,0,0
erode 1 mm,BraTS20_Training_292,TC,44955,44.955,8893.74907419558,8967.56417881577,0.687466046643731,0.681807277200439,0.693198876536737,2,2.22444666888588e-05,0.910167638483965,0,0
erode 1 mm,BraTS20_Training_292,ET,1567,1.567,1568.89215200686,1478.89813238296,0.415850311918134,0.441155666162555,0.295560541966198,11,0.289087428206764,0.582311408398365,0,0
erode 2 mm,BraTS20_Training_292,WT,55882,55.882,10160.6762892966,10344.5400097757,0.695679922715224,0.683314916757279,0.607903997991215,3,5.36845495866523e-05,0.840950474785933,0,0
erode 2 mm,BraTS20_Training_292,TC,37245,37.245,7672.77963233612,7823.75555088339,0.702926719208463,0.689362260757056,0.688380382005612,2,2.68492415089749e-05,0.817906317939258,0,0
erode 2 mm,BraTS20_Training_292,ET,437,0.437,521.573403604334,468.325235389877,0.533936542621993,0.594644658881653,0.314957354270834,7,0.132723112128146,0.20555032925682,0,0
shift 2 vox,BraTS20_Training_292,WT,77020,77.02,13859.4223310576,13618.6580113646,0.631647340149197,0.642814236477014,0.635703208771756,15,0.000727083874318413,0.914697481173721,0,0
shift 2 vox,BraTS20_Training_292,TC,53829,53.829,10998.2585970091,10891.7565288617,0.626860741724896,0.632990328376706,0.69867700406696,5,7.43093871333755e-05,0.910531497891471,0,0
shift 2 vox,BraTS20_Training_292,ET,3815,3.815,3299.93317825214,3072.25928578112,0.357801376430625,0.384316727032858,0.406554974962992,27,0.462385321100917,0.599475753604194,0,0
delete r=8 mm,BraTS20_Training_292,WT,74917,74.917,14635.5269923055,14438.3828899989,0.587213473044599,0.595231384322317,0.639285278996391,15,0.000747493893241802,0.986158736844877,-2103,0
delete r=8 mm,BraTS20_Training_292,TC,51813,51.813,11541.1507159233,11454.0017185649,0.58236353185604,0.586794507086039,0.709113829843807,5,7.72007025263699e-05,0.980916680865565,-2016,0
delete r=8 mm,BraTS20_Training_292,ET,3802,3.802,3274.57237926874,3050.30754315252,0.359752873821665,0.386202639344841,0.405202777047646,26,0.460547080483956,0.998293291322043,-13,0
3 blobs r=3,BraTS20_Training_292,WT,77389,77.389,14224.213460784,13976.8963284016,0.617412408238429,0.628337341980164,0.66343806614488,18,0.00549173655170632,0.997610242926254,369,3
3 blobs r=3,BraTS20_Training_292,TC,54198,54.198,11363.0497267355,11249.9948458987,0.609506101719816,0.615631228054816,0.748501105454159,8,0.00688217277390313,0.996584187286512,369,3
3 blobs r=3,BraTS20_Training_292,ET,4184,4.184,3664.7243079786,3430.49760281809,0.342639372640673,0.366034022806281,0.908057756309624,30,0.509799235181644,0.953869233654207,369,3
dilate 1 mm,BraTS20_Training_307,WT,170481,170.481,26976.1435980692,27164.2673832371,0.551173398875031,0.54735629515501,0.690634866231066,13,0.00320270294050362,0.928695313383689,0,0
dilate 1 mm,BraTS20_Training_307,TC,109213,109.213,16618.698776582,16769.8143131639,0.66486989146526,0.658878640248658,0.835355740201695,3,0.000128189867506623,0.926220885074084,0,0
dilate 1 mm,BraTS20_Training_307,ET,213,0.213,477.739363987031,314.429634027992,0.361032390036642,0.548546847144401,0.84938542163781,21,0.854460093896714,0.261224489795918,0,0
dilate 2 mm,BraTS20_Training_307,WT,195469,195.469,28368.095432379,29003.0311463219,0.574168293001794,0.561598573885154,0.684332546548383,6,0.00268073198307661,0.861089099680705,0,0
dilate 2 mm,BraTS20_Training_307,TC,124340,124.34,16747.8508131809,17162.2738834353,0.719336807090798,0.701966744698933,0.841420648405224,3,0.000530802637928263,0.86211077810062,0,0
dilate 2 mm,BraTS20_Training_307,ET,939,0.939,1270.43781056263,1186.47526962885,0.36501253195524,0.390843141694981,0.839385915715933,19,0.866879659211928,0.0659114315139032,0,0
erode 1 mm,BraTS20_Training_307,WT,127604,127.604,20057.1322570857,20183.6359883716,0.61111762869681,0.607287364401056,0.701392924053736,21,0.00474906742735337,0.926711475683664,0,0
erode 1 mm,BraTS20_Training_307,TC,79734,79.734,15017.3052900521,15170.4222097599,0.596560484278426,0.590539326626442,0.816031236804278,1,0,0.916804166978079,0,0
erode 1 mm,BraTS20_Training_307,ET,0,0,NaN,NaN,NaN,NaN,NaN,0,NaN,0,0,0
erode 2 mm,BraTS20_Training_307,WT,110456,110.456,17426.2830958975,17822.9214410782,0.63885980909356,0.624642370144561,0.696545368895588,6,0.0013580068081408,0.855442354681443,0,0
erode 2 mm,BraTS20_Training_307,TC,66640,66.64,13353.70752512,13635.2932094713,0.595258478663242,0.582965654188895,0.805351919851804,1,0,0.828623830395723,0,0
erode 2 mm,BraTS20_Training_307,ET,0,0,NaN,NaN,NaN,NaN,NaN,0,NaN,0,0,0
shift 2 vox,BraTS20_Training_307,WT,147787,147.787,25789.952733889,25382.7409024098,0.524152587208112,0.532561495285936,0.697130020917299,49,0.00411402897413171,0.907874170258548,0,0
shift 2 vox,BraTS20_Training_307,TC,94205,94.205,17631.4234248117,17503.2667164119,0.567866241859903,0.572024086766643,0.826450882505703,18,0.000435221060453239,0.909452789130089,0,0
shift 2 vox,BraTS20_Training_307,ET,32,0.032,94.7705415275592,1.43382024343605,0.514332634354124,33.9956019634832,0.858562670073228,27,0.90625,0,0,0
delete r=8 mm,BraTS20_Training_307,WT,146009,146.009,26099.2906101561,25708.4641639325,0.513777607836317,0.521588182413605,0.700201324716855,51,0.00437644254806213,0.993948181731542,-1778,0
delete r=8 mm,BraTS20_Training_307,TC,92605,92.605,17684.4975534169,17576.2889903025,0.559733143100851,0.563179144653047,0.828989913576831,18,0.000442740672749853,0.991435148011348,-1600,0
delete r=8 mm,BraTS20_Training_307,ET,32,0.032,94.7705415275592,1.43382024343605,0.514332634354124,33.9956019634832,0.858562670073228,27,0.90625,1,0,0
3 blobs r=3,BraTS20_Training_307,WT,148156,148.156,26154.7438636155,25740.9792194468,0.517701968068367,0.526023592851057,0.695064973585425,52,0.00659440049677362,0.998753138273249,369,3
3 blobs r=3,BraTS20_Training_307,TC,94574,94.574,17996.2145545382,17861.5050334489,0.55780722367147,0.562014144858694,0.82238724549963,21,0.00433522955569188,0.998045333432214,369,3
3 blobs r=3,BraTS20_Training_307,ET,401,0.401,459.561671254018,359.672137280409,0.572229055940399,0.731150717641099,0.520320086355591,30,0.693266832917706,0.147806004618938,369,3
dilate 1 mm,BraTS20_Training_310,WT,196090,196.09,24366.8359214857,24940.7444974558,0.669867051125188,0.654452818184395,0.716188258853336,1,0,0.944211577652326,0,0
dilate 1 mm,BraTS20_Training_310,TC,106384,106.384,14251.5034976626,14508.268084241,0.761858500915272,0.748375273152805,0.737107168644866,1,0,0.938145667601585,0,0
dilate 1 mm,BraTS20_Training_310,ET,0,0,NaN,NaN,NaN,NaN,NaN,0,NaN,NaN,0,0
dilate 2 mm,BraTS20_Training_310,WT,218454,218.454,24918.0583939457,25699.4288154543,0.70395234408738,0.682549240393076,0.729465697579054,1,0,0.89059242650849,0,0
dilate 2 mm,BraTS20_Training_310,TC,119493,119.493,14658.3245376846,15078.1412411696,0.800377309757425,0.778092615752232,0.74608979464883,1,0,0.880538497210551,0,0
dilate 2 mm,BraTS20_Training_310,ET,0,0,NaN,NaN,NaN,NaN,NaN,0,NaN,NaN,0,0
erode 1 mm,BraTS20_Training_310,WT,155588,155.588,21438.8394949429,21904.6384395692,0.652529650374772,0.638653702441623,0.693262055188822,6,5.14178471346938e-05,0.940236588055778,0,0
erode 1 mm,BraTS20_Training_310,TC,82138,82.138,12479.7598336029,12682.1740202447,0.732218413442879,0.720531821351918,0.711121125526454,1,0,0.932708030523256,0,0
erode 1 mm,BraTS20_Training_310,ET,0,0,NaN,NaN,NaN,NaN,NaN,0,NaN,NaN,0,0
erode 2 mm,BraTS20_Training_310,WT,136835,136.835,19165.0546903153,19670.7632565516,0.670047399374458,0.652821392166265,0.684994811125742,2,2.19242152957877e-05,0.876579906598933,0,0
erode 2 mm,BraTS20_Training_310,TC,71233,71.233,11077.7845460968,11351.1898329773,0.75015677118685,0.732088460265302,0.696418645387416,1,0,0.862264938900758,0,0
erode 2 mm,BraTS20_Training_310,ET,0,0,NaN,NaN,NaN,NaN,NaN,0,NaN,NaN,0,0
shift 2 vox,BraTS20_Training_310,WT,175367,175.367,24134.5819961372,24612.5161057735,0.627783058432233,0.615592556015208,0.702111934064195,1,0,0.926377254557585,0,0
shift 2 vox,BraTS20_Training_310,TC,93990,93.99,14433.1676856057,14505.652656582,0.692644250484611,0.689183096437845,0.725332903497838,1,0,0.927013512075753,0,0
shift 2 vox,BraTS20_Training_310,ET,0,0,NaN,NaN,NaN,NaN,NaN,0,NaN,NaN,0,0
delete r=8 mm,BraTS20_Training_310,WT,173778,173.778,24404.8244049358,24891.0224222981,0.617075495150194,0.605022117943955,0.702435518619233,1,0,0.995448882269544,-1589,0
delete r=8 mm,BraTS20_Training_310,TC,92889,92.889,14563.1470160936,14641.667376463,0.681090907258129,0.677438351705047,0.726869551014352,1,0,0.994108487309971,-1101,0
delete r=8 mm,BraTS20_Training_310,ET,0,0,NaN,NaN,NaN,NaN,NaN,0,NaN,NaN,0,0
3 blobs r=3,BraTS20_Training_310,WT,175736,175.736,24499.3731258637,24970.7544228104,0.61930270525071,0.607611920604772,0.712648136027272,4,0.00209974051987072,0.99894902635409,369,3
3 blobs r=3,BraTS20_Training_310,TC,94359,94.359,14797.9588153321,14863.890973619,0.677336579031493,0.674332099072548,0.746057282219999,4,0.00391059676342476,0.9980408709364,369,3
3 blobs r=3,BraTS20_Training_310,ET,369,0.369,364.791129726459,358.238317036973,0.682010036480738,0.694485206804146,0.537508034477375,3,0.666666666666667,0,369,3
dilate 1 mm,BraTS20_Training_314,WT,35661,35.661,10544.8497880568,10683.8244243098,0.49686614385169,0.490402934717414,0.763768716175505,10,0.00417823392501615,0.867401384742425,0,0
dilate 1 mm,BraTS20_Training_314,TC,5167,5.167,2247.32996158975,2271.56510384463,0.643146025746268,0.636284353413724,0.743278881489396,5,0.203986839558738,0.80724838411819,0,0
dilate 1 mm,BraTS20_Training_314,ET,4398,4.398,2086.12996183176,2121.77578902953,0.622271026821563,0.611816875347619,0.783833512576893,3,0.179172351068668,0.77968923418424,0,0
dilate 2 mm,BraTS20_Training_314,WT,45676,45.676,11669.7194393528,11992.6570244625,0.529520062138797,0.515261176073316,0.785187368291035,1,0,0.748379848466165,0,0
dilate 2 mm,BraTS20_Training_314,TC,7405,7.405,2784.4657693227,2854.23511903276,0.65982021422659,0.643691470324182,0.734181624528042,2,0.074679270762998,0.641533663547973,0,0
dilate 2 mm,BraTS20_Training_314,ET,6440,6.44,2517.36552140792,2593.47614282494,0.66495933882642,0.645444808632979,0.774947935924293,2,0.0448757763975155,0.607567567567568,0,0
erode 1 mm,BraTS20_Training_314,WT,19926,19.926,7471.24782883539,7538.04704373219,0.475741530984045,0.47152569622218,0.725668838238177,7,0.00276021278731309,0.843660689713572,0,0
erode 1 mm,BraTS20_Training_314,TC,2148,2.148,1273.18962995118,1280.7147849681,0.632334993673212,0.628619553743991,0.783840354851715,3,0.124301675977654,0.761027457927369,0,0
erode 1 mm,BraTS20_Training_314,ET,1512,1.512,1204.65458140611,1206.83126485806,0.528838155693973,0.527884324536482,0.834349596289869,3,0.113095238095238,0.699676075890791,0,0
erode 2 mm,BraTS20_Training_314,WT,13718,13.718,5782.75630428004,5850.23912805625,0.479229009283204,0.473701076821981,0.705509803168244,5,0.000510278466248737,0.668697750371688,0,0
erode 2 mm,BraTS20_Training_314,TC,1152,1.152,839.498552279918,832.127667980949,0.633041952682582,0.63864936025856,0.826935457961163,3,0.0807291666666666,0.495590449559045,0,0
erode 2 mm,BraTS20_Training_314,ET,600,0.6,631.004487191151,611.177792742148,0.54519581123639,0.562882040828866,0.793430186474333,3,0.16,0.351906158357771,0,0
shift 2 vox,BraTS20_Training_314,WT,27311,27.311,9452.75453106327,9491.8249582748,0.46396385226113,0.462054075585071,0.744820923434252,18,0.00494306323459415,0.826626633957014,0,0
shift 2 vox,BraTS20_Training_314,TC,3497,3.497,1780.09966890986,1779.73818909837,0.625897994436505,0.626025119589196,0.756687104876769,7,0.167000285959394,0.736631398341436,0,0
shift 2 vox,BraTS20_Training_314,ET,2810,2.81,1717.89239263273,1743.36500662914,0.560564659718584,0.552374150477695,0.799853958670014,4,0.151245551601424,0.673665480427046,0,0
delete r=8 mm,BraTS20_Training_314,WT,27036,27.036,9223.51592747688,9269.1024559185,0.472297790947253,0.469974975250445,0.741733820239611,16,0.00506731765054003,0.994939923086831,-275,0
delete r=8 mm,BraTS20_Training_314,TC,3497,3.497,1780.09966890986,1779.73818909837,0.625897994436505,0.626025119589196,0.756687104876769,7,0.167000285959394,1,0,0
delete r=8 mm,BraTS20_Training_314,ET,2810,2.81,1717.89239263273,1743.36500662914,0.560564659718584,0.552374150477695,0.799853958670014,4,0.151245551601424,1,0,0
3 blobs r=3,BraTS20_Training_314,WT,27680,27.68,9817.54566078973,9850.06327531178,0.450739119366474,0.449251112586832,0.793819531918073,21,0.0182080924855491,0.993289811059992,369,3
3 blobs r=3,BraTS20_Training_314,TC,3866,3.866,2144.89079863631,2137.97650613534,0.555375654602703,0.557171759336699,0.49039930545109,10,0.246508018623901,0.949884557924759,369,3
3 blobs r=3,BraTS20_Training_314,ET,3179,3.179,2082.68352235919,2101.60332366611,0.502020203492849,0.497500738570432,0.484268560981306,7,0.249764076753696,0.938387042912005,369,3
dilate 1 mm,BraTS20_Training_318,WT,232781,232.781,24459.9367444393,24920.8801983855,0.748158844849282,0.734320693094612,0.826392330781955,3,0.000429588325507657,0.953715668802406,0,0
dilate 1 mm,BraTS20_Training_318,TC,178946,178.946,20544.0036382736,20913.4778626153,0.747504315918539,0.734298306897451,0.834941222024714,1,0,0.943713642306705,0,0
dilate 1 mm,BraTS20_Training_318,ET,3341,3.341,2097.67052209322,2085.66773344649,0.515226073754502,0.518191143199357,0.734863356612369,5,0.253816222687818,0.71401077752117,0,0
dilate 2 mm,BraTS20_Training_318,WT,255065,255.065,25217.8610417086,25960.5207193719,0.771275950691466,0.749211849777553,0.839642007232005,3,0.00108991825613081,0.908231336048505,0,0
dilate 2 mm,BraTS20_Training_318,TC,197580,197.58,20604.3654677766,21194.5656562045,0.796196383677298,0.774024886356031,0.838003986104521,1,0,0.894518191100978,0,0
dilate 2 mm,BraTS20_Training_318,ET,5464,5.464,2721.74177958426,2764.79913424863,0.551202271167337,0.54261817137236,0.894296309913996,5,0.269216691068814,0.506899849706244,0,0
erode 1 mm,BraTS20_Training_318,WT,192521,192.521,21543.3896778732,21869.6859069565,0.748437420541168,0.737270716590026,0.801600761978849,5,0.000446704515351559,0.951409291166202,0,0
erode 1 mm,BraTS20_Training_318,TC,141596,141.596,18065.0417521755,18306.5039792222,0.727242322035976,0.717650018072276,0.826497545026392,1,0,0.939367302327587,0,0
erode 1 mm,BraTS20_Training_318,ET,794,0.794,795.520212165063,760.764435708597,0.521250607718927,0.545064115224442,0.423037469453851,5,0.381612090680101,0.599471498678747,0,0
erode 2 mm,BraTS20_Training_318,WT,173788,173.788,19673.9454429619,20182.1909814093,0.765489407087155,0.746212185092814,0.793887905293091,1,0,0.90051661510879,0,0
erode 2 mm,BraTS20_Training_318,TC,125618,125.618,16534.8881713709,16949.8881134183,0.733585568123498,0.715624507482807,0.821570051267231,1,0,0.880007565859758,0,0
erode 2 mm,BraTS20_Training_318,ET,240,0.24,334.307908456975,315.416888975515,0.558656644477039,0.592115834276739,0.238785499826483,4,0.320833333333333,0.229116945107399,0,0
shift 2 vox,BraTS20_Training_318,WT,212186,212.186,24338.6309822695,24497.309369951,0.706858463447006,0.702279872402374,0.813502727996186,8,0.00260620399083822,0.941848189795745,0,0
shift 2 vox,BraTS20_Training_318,TC,159875,159.875,22065.9717936736,22035.2627364479,0.645577081391932,0.646476778562469,0.831376572310158,1,0,0.947790461297889,0,0
shift 2 vox,BraTS20_Training_318,ET,1855,1.855,1543.32157942424,1488.77922963106,0.47306807251177,0.490399214546385,0.583164055221043,6,0.261994609164421,0.593530997304582,0,0
delete r=8 mm,BraTS20_Training_318,WT,211047,211.047,24311.0660090368,24463.5323768824,0.705125213193391,0.700730595176839,0.813789987193797,8,0.00261553113761392,0.997308810985911,-1139,0
delete r=8 mm,BraTS20_Training_318,TC,159742,159.742,22026.8921346074,21998.8415594423,0.64636372898825,0.647187903039189,0.831356270684825,1,0,0.999583876952728,-133,0
delete r=8 mm,BraTS20_Training_318,ET,1855,1.855,1543.32157942424,1488.77922963106,0.47306807251177,0.490399214546385,0.583164055221043,6,0.261994609164421,1,0,0
3 blobs r=3,BraTS20_Training_318,WT,212555,212.555,24703.4221119959,24855.547686988,0.697227575943455,0.69296027323798,0.82785029598487,11,0.00433770083037333,0.999131235270435,369,3
3 blobs r=3,BraTS20_Training_318,TC,160244,160.244,22430.7629234,22393.5010534849,0.636054892351498,0.637113261679326,0.854067200121102,4,0.00230273832405581,0.998847303658952,369,3
3 blobs r=3,BraTS20_Training_318,ET,2224,2.224,1908.1127091507,1847.01754666803,0.431820532767342,0.446104179211505,0.342990846922327,9,0.384442446043165,0.909536651139985,369,3
dilate 1 mm,BraTS20_Training_326,WT,140034,140.034,16690.4501241253,17203.9065859486,0.781337025328958,0.758017755225235,0.850393870304594,2,4.99878600911385e-05,0.944680786926262,0,0
dilate 1 mm,BraTS20_Training_326,TC,140034,140.034,16690.4501241253,17203.9065859486,0.781337025328958,0.758017755225235,0.850393870304594,2,4.99878600911385e-05,0.944680786926262,0,0
dilate 1 mm,BraTS20_Training_326,ET,2564,2.564,2125.80930938272,2117.4382860805,0.426159165938241,0.427843932069076,0.422590888175601,6,0.539391575663027,0.635444385311336,0,0
dilate 2 mm,BraTS20_Training_326,WT,155711,155.711,17399.2172988716,18035.3768372747,0.804452875345016,0.776077512054082,0.854170038628012,1,0,0.891989013178493,0,0
dilate 2 mm,BraTS20_Training_326,TC,155711,155.711,17399.2172988716,18035.3768372747,0.804452875345016,0.776077512054082,0.854170038628012,1,0,0.891989013178493,0,0
dilate 2 mm,BraTS20_Training_326,ET,4787,4.787,3022.85375559308,3078.93083137681,0.454404481726695,0.446128337846302,0.45295003465909,5,0.574472529768122,0.39926433706738,0,0
erode 1 mm,BraTS20_Training_326,WT,111364,111.364,14456.2281438693,14890.9837010511,0.774329274696239,0.751722040545621,0.843238973617987,2,8.97956251566523e-06,0.940904117574995,0,0
erode 1 mm,BraTS20_Training_326,TC,111364,111.364,14456.2281438693,14890.9837010511,0.774329274696239,0.751722040545621,0.843238973617987,2,8.97956251566523e-06,0.940904117574995,0,0
erode 1 mm,BraTS20_Training_326,ET,346,0.346,505.580024343636,464.915082935791,0.471423922608733,0.512658175690146,0.308266647649811,6,0.482658959537572,0.449350649350649,0,0
erode 2 mm,BraTS20_Training_326,WT,98507,98.507,13119.1188265328,13560.672435358,0.786244319512522,0.760643154204976,0.840479001488056,1,0,0.88007683373537,0,0
erode 2 mm,BraTS20_Training_326,TC,98507,98.507,13119.1188265328,13560.672435358,0.786244319512522,0.760643154204976,0.840479001488056,1,0,0.88007683373537,0,0
erode 2 mm,BraTS20_Training_326,ET,33,0.033,75.3725945647226,41.5028084939481,0.660105400345044,1.19880698477179,0.172979572458507,4,0.303030303030303,0.0537897310513447,0,0
shift 2 vox,BraTS20_Training_326,WT,125353,125.353,16618.4506136344,16989.4190403905,0.728870011022738,0.712954942905576,0.846981359102964,2,7.9774716201797e-06,0.934704394789115,0,0
shift 2 vox,BraTS20_Training_326,TC,125353,125.353,16618.4506136344,16989.4190403905,0.728870011022738,0.712954942905576,0.846981359102964,2,7.9774716201797e-06,0.934704394789115,0,0
shift 2 vox,BraTS20_Training_326,ET,1194,1.194,1336.83618635317,1274.9988758643,0.407138478702849,0.426884651814137,0.385443939481652,6,0.482412060301508,0.476549413735343,0,0
delete r=8 mm,BraTS20_Training_326,WT,123244,123.244,17355.5867811161,17738.7270570138,0.69006290146856,0.675158174110973,0.857285834287345,2,8.1139852650125e-06,0.991516389980571,-2109,0
delete r=8 mm,BraTS20_Training_326,TC,123244,123.244,17355.5867811161,17738.7270570138,0.69006290146856,0.675158174110973,0.857285834287345,2,8.1139852650125e-06,0.991516389980571,-2109,0
delete r=8 mm,BraTS20_Training_326,ET,1106,1.106,1257.49441711289,1190.38567154307,0.411289993580744,0.434476727254081,0.389299496078892,6,0.44122965641953,0.961739130434783,-88,0
3 blobs r=3,BraTS20_Training_326,WT,125722,125.722,16983.2417433608,17347.6573574274,0.714613232533349,0.699601625225906,0.851133792912609,5,0.00294300122492486,0.99853031962561,369,3
3 blobs r=3,BraTS20_Training_326,TC,125722,125.722,16983.2417433608,17347.6573574274,0.714613232533349,0.699601625225906,0.851133792912609,5,0.00294300122492486,0.99853031962561,369,3
3 blobs r=3,BraTS20_Training_326,ET,1563,1.563,1701.62731607963,1633.23719290127,0.382759220263858,0.398786867892307,0.820640729781561,9,0.604606525911708,0.866158868335147,369,3
dilate 1 mm,BraTS20_Training_332,WT,63716,63.716,9013.53099561495,9324.52810875196,0.855896999137892,0.827350622016171,0.835618444549908,1,0,0.939489518229708,0,0
dilate 1 mm,BraTS20_Training_332,TC,3389,3.389,1408.61123556395,1421.18228390525,0.774593810240248,0.767742151347732,0.779120492869,2,0.0300973738565948,0.822241529105126,0,0
dilate 1 mm,BraTS20_Training_332,ET,2882,2.882,1310.82792016229,1327.42821105913,0.747138459046215,0.737795041709552,0.77045121783937,2,0.0340041637751561,0.801912284348368,0,0
dilate 2 mm,BraTS20_Training_332,WT,72073,72.073,9599.08923071759,9960.38750747058,0.872507486679717,0.840858572302136,0.840329884184455,1,0,0.87839835665043,0,0
dilate 2 mm,BraTS20_Training_332,TC,4775,4.775,1743.96258955095,1784.95634908041,0.786313763046304,0.768255082040669,0.767680914813144,2,0.0531937172774869,0.662652289595295,0,0
dilate 2 mm,BraTS20_Training_332,ET,4191,4.191,1644.28676565574,1685.37849165466,0.76451322718467,0.745873397490882,0.769562307066996,2,0.0586972083035076,0.630392156862745,0,0
erode 1 mm,BraTS20_Training_332,WT,49558,49.558,7851.53791798182,8113.71088694584,0.831008066881043,0.804156253307333,0.827530938880908,1,0,0.935030140656397,0,0
erode 1 mm,BraTS20_Training_332,TC,1532,1.532,798.807268248439,805.727349633231,0.804540591046523,0.797630702273422,0.756968807398037,2,0.000652741514360344,0.786044125192406,0,0
erode 1 mm,BraTS20_Training_332,ET,1163,1.163,720.073598177283,726.401773190543,0.742723297090176,0.736252934291132,0.697871929850848,2,0.00085984522785898,0.752263906856404,0,0
erode 2 mm,BraTS20_Training_332,WT,42722,42.722,7171.85748042021,7422.15581087682,0.824049925192248,0.796260381864922,0.822005624118738,1,0,0.861617271874716,0,0
erode 2 mm,BraTS20_Training_332,TC,897,0.897,569.831326480513,573.095583465895,0.789343612525067,0.784847642785657,0.756732826827686,1,0,0.549800796812749,0,0
erode 2 mm,BraTS20_Training_332,ET,586,0.586,468.748841935052,471.423419750886,0.722451993930566,0.718353228372859,0.660880157025517,1,0,0.466003976143141,0,0
shift 2 vox,BraTS20_Training_332,WT,56445,56.445,8527.4839398654,8804.90985161752,0.834475388862729,0.808182661340093,0.831707630645874,1,0,0.918238993710692,0,0
shift 2 vox,BraTS20_Training_332,TC,2366,2.366,1129.28354824082,1119.79303478799,0.760368791524357,0.76681309866049,0.775811300442089,2,0.0131022823330516,0.766694843617921,0,0
shift 2 vox,BraTS20_Training_332,ET,1929,1.929,1033.31237910789,1027.84756810536,0.725227021569216,0.729082874061147,0.748469455733339,2,0.0150336962156558,0.744427164333852,0,0
delete r=8 mm,BraTS20_Training_332,WT,54979,54.979,8728.0159638471,9005.60226979054,0.801124137021459,0.776430498202443,0.82321387886135,1,0,0.986843049971281,-1466,0
delete r=8 mm,BraTS20_Training_332,TC,2366,2.366,1129.28354824082,1119.79303478799,0.760368791524357,0.76681309866049,0.775811300442089,2,0.0131022823330516,1,0,0
delete r=8 mm,BraTS20_Training_332,ET,1929,1.929,1033.31237910789,1027.84756810536,0.725227021569216,0.729082874061147,0.748469455733339,2,0.0150336962156558,1,0,0
3 blobs r=3,BraTS20_Training_332,WT,56814,56.814,8892.27506959185,9163.1481686545,0.803726239812428,0.779967176511379,0.875750769207239,4,0.00649487802302251,0.99674198076974,369,3
3 blobs r=3,BraTS20_Training_332,TC,2735,2.735,1494.07467796728,1478.03135182496,0.633018942901979,0.639890061936566,0.352337662920921,5,0.146252285191956,0.92766124289355,369,3
3 blobs r=3,BraTS20_Training_332,ET,2298,2.298,1398.10350883435,1386.08588514233,0.602344314005465,0.607566751789687,0.352939116251769,5,0.17319408181027,0.912704045422285,369,3
dilate 1 mm,BraTS20_Training_335,WT,154713,154.713,20376.6255462047,20766.9449793631,0.68396896823172,0.671113616602321,0.835016883430105,1,0,0.936852123540184,0,0
dilate 1 mm,BraTS20_Training_335,TC,70657,70.657,11458.2214102797,11737.6960196529,0.721335064160533,0.704160072156486,0.756855921192115,1,0,0.919708587198324,0,0
dilate 1 mm,BraTS20_Training_335,ET,0,0,NaN,NaN,NaN,NaN,NaN,0,NaN,NaN,0,0
dilate 2 mm,BraTS20_Training_335,WT,173513,173.513,20493.0203363627,21126.4471989093,0.734118495555976,0.712107677977454,0.848545463695583,1,0,0.880008520334229,0,0
dilate 2 mm,BraTS20_Training_335,TC,81355,81.355,11829.7978032219,12237.147563356,0.767531666458479,0.741982097932933,0.770544569440948,1,0,0.850179140549364,0,0
dilate 2 mm,BraTS20_Training_335,ET,0,0,NaN,NaN,NaN,NaN,NaN,0,NaN,NaN,0,0
erode 1 mm,BraTS20_Training_335,WT,118835,118.835,17433.7842877942,17752.8605124608,0.670484439766483,0.65843366949269,0.801389690217415,1,0,0.93142192037434,0,0
erode 1 mm,BraTS20_Training_335,TC,50250,50.25,9587.87562495724,9816.29901066463,0.686835040390456,0.670852521400559,0.739666122071213,1,0,0.910293105322271,0,0
erode 1 mm,BraTS20_Training_335,ET,0,0,NaN,NaN,NaN,NaN,NaN,0,NaN,NaN,0,0
erode 2 mm,BraTS20_Training_335,WT,103512,103.512,15378.4395287761,15787.3088619607,0.693264542509336,0.6753099554613,0.783400496257846,1,0,0.863153857058279,0,0
erode 2 mm,BraTS20_Training_335,TC,41825,41.825,8240.05806310479,8481.61558144937,0.707149359427631,0.687009653410312,0.738412754421573,1,0,0.820266917698742,0,0
erode 2 mm,BraTS20_Training_335,ET,0,0,NaN,NaN,NaN,NaN,NaN,0,NaN,NaN,0,0
shift 2 vox,BraTS20_Training_335,WT,136334,136.334,21397.2548299051,21548.0169994503,0.598681057168965,0.59449234434928,0.819717710267959,1,0,0.93206390188801,0,0
shift 2 vox,BraTS20_Training_335,TC,60154,60.154,11907.2307971409,12063.0923890311,0.623519002775799,0.61546280448001,0.745865913433889,1,0,0.916697143997074,0,0
shift 2 vox,BraTS20_Training_335,ET,0,0,NaN,NaN,NaN,NaN,NaN,0,NaN,NaN,0,0
delete r=8 mm,BraTS20_Training_335,WT,134245,134.245,22042.7017165673,22207.2905810553,0.575198900019997,0.570935825537159,0.823642555657243,1,0,0.992279519105326,-2089,0
delete r=8 mm,BraTS20_Training_335,TC,59075,59.075,12025.3081570389,12180.4149577104,0.609991425662013,0.602223724906337,0.73222981124686,1,0,0.990950188293117,-1079,0
delete r=8 mm,BraTS20_Training_335,ET,0,0,NaN,NaN,NaN,NaN,NaN,0,NaN,NaN,0,0
3 blobs r=3,BraTS20_Training_335,WT,136703,136.703,21762.0459596315,21906.2553164872,0.589707201778543,0.585825146398789,0.823096095145788,4,0.00269928238590234,0.998648534813963,369,3
3 blobs r=3,BraTS20_Training_335,TC,60523,60.523,12272.0219268673,12421.3307060681,0.607456196516098,0.600154358632058,0.793294864410392,4,0.00609685574079277,0.996942250801727,369,3
3 blobs r=3,BraTS20_Training_335,ET,369,0.369,364.791129726459,358.238317036973,0.682010036480738,0.694485206804146,0.534474987990101,3,0.666666666666667,0,369,3
dilate 1 mm,BraTS20_Training_343,WT,180014,180.014,23662.739042166,24104.7707873148,0.651563326261375,0.63961499965319,0.636458811436487,3,0.000983256857799986,0.932978477478706,0,0
dilate 1 mm,BraTS20_Training_343,TC,69116,69.116,9279.60340118794,9534.89140667428,0.877688564095694,0.854189254726599,0.848763766473243,2,0.000101279009201871,0.9392227883848,0,0
dilate 1 mm,BraTS20_Training_343,ET,46634,46.634,14725.9686686642,15003.5092587018,0.425469759642363,0.417599259074919,0.870220381127335,2,0.00015010507355151,0.831198776911702,0,0
dilate 2 mm,BraTS20_Training_343,WT,201379,201.379,23286.44865419,23948.6229076203,0.713493986491457,0.693766031792165,0.639381067115922,1,0,0.877420361838346,0,0
dilate 2 mm,BraTS20_Training_343,TC,77684,77.684,9806.32901955502,10143.878674326,0.897839518587155,0.867962838347885,0.852483446140043,2,0.000424797899181262,0.881278801843318,0,0
dilate 2 mm,BraTS20_Training_343,ET,59685,59.685,13966.4758974585,14348.3863264361,0.528819450314575,0.514743884008611,0.867881571285671,2,0.0005529027393818,0.714364182705253,0,0
erode 1 mm,BraTS20_Training_343,WT,134368,134.368,24628.998688445,24495.6807568399,0.515111529796257,0.5179150282734,0.626599736139994,2,4.46534889259054e-05,0.921060568670999,0,0
erode 1 mm,BraTS20_Training_343,TC,53655,53.655,8094.09909959888,8263.55916785098,0.849941574899449,0.832511899094245,0.835401967379784,1,0,0.934341015750842,0,0
erode 1 mm,BraTS20_Training_343,ET,19132,19.132,15295.8534609903,15433.1877434789,0.226160796507783,0.224148274452606,0.865980054551627,7,0.000627221409157386,0.731681199326908,0,0
erode 2 mm,BraTS20_Training_343,WT,111853,111.853,23789.6917689237,24099.0982607959,0.471911325860693,0.465852492196911,0.623382809984835,3,2.682091673889e-05,0.830839396404126,0,0
erode 2 mm,BraTS20_Training_343,TC,46570,46.57,7376.13429220281,7577.54711136119,0.848645152309892,0.826087983072957,0.828751860493966,1,0,0.864280014104634,0,0
erode 2 mm,BraTS20_Training_343,ET,6586,6.586,8321.87282646318,7972.14685969528,0.204178903586684,0.213135921778543,0.788445770653911,27,0.0238384451867598,0.33137106918239,0,0
shift 2 vox,BraTS20_Training_343,WT,157400,157.4,26310.3577144907,25788.2766188361,0.535830203825871,0.546678033017136,0.631997422119043,4,0.000387547649301156,0.925883100381194,0,0
shift 2 vox,BraTS20_Training_343,TC,61196,61.196,9058.97222748232,9208.42722468121,0.828998771378659,0.81554392116035,0.842878669957417,2,1.63409373161727e-05,0.927037714883326,0,0
shift 2 vox,BraTS20_Training_343,ET,33164,33.164,16494.4581743307,16652.6067749994,0.302638383200562,0.29976424839041,0.869627853899931,3,6.0306356289952e-05,0.753708840911832,0,0
delete r=8 mm,BraTS20_Training_343,WT,155386,155.386,26817.3362819786,26354.4618194794,0.521206405649985,0.530360572277211,0.624803493934912,4,0.000392570759270461,0.993561092887789,-2014,0
delete r=8 mm,BraTS20_Training_343,TC,60215,60.215,9157.44691025489,9310.52737642268,0.81129632502145,0.79795727186008,0.819128034596344,2,1.66071576849225e-05,0.991920007248108,-981,0
delete r=8 mm,BraTS20_Training_343,ET,32442,32.442,16245.2749174578,16383.4505359876,0.302804370473995,0.300250562831833,0.842750440241859,3,6.16484803649398e-05,0.988994909002225,-722,0
3 blobs r=3,BraTS20_Training_343,WT,157769,157.769,26675.1488442172,26146.5149358731,0.52932822836321,0.540030260769548,0.639050455465375,7,0.00272550374281388,0.998829199572293,369,3
3 blobs r=3,BraTS20_Training_343,TC,61565,61.565,9423.76335720877,9566.66554171819,0.800108728969932,0.788157094963678,0.877962426407519,5,0.00600990822707703,0.996994159382866,369,3
3 blobs r=3,BraTS20_Training_343,ET,33533,33.533,16859.2493040572,17010.8450920364,0.298282309935675,0.295624103269851,0.919899526923557,6,0.0110637282676767,0.994467517279638,369,3
dilate 1 mm,BraTS20_Training_345,WT,118358,118.358,27273.4662245872,28114.3214963472,0.42744036613411,0.414656295023818,0.662938681875681,1,0,0.894604615542667,0,0
dilate 1 mm,BraTS20_Training_345,TC,8348,8.348,2898.69936905384,2959.07617520617,0.68654536912557,0.672537140133768,0.303588136058361,4,0.288811691423095,0.848551724137931,0,0
dilate 1 mm,BraTS20_Training_345,ET,8295,8.295,2932.4645647919,2988.21657949818,0.675764871285707,0.663156932055201,0.302879762327523,2,0.285111512959614,0.83472641708225,0,0
dilate 2 mm,BraTS20_Training_345,WT,143741,143.741,28784.0318596947,29746.6645938085,0.461019829440633,0.446100752463261,0.671486143483266,1,0,0.799802946616067,0,0
dilate 2 mm,BraTS20_Training_345,TC,11184,11.184,3481.73025151607,3590.74855912758,0.694630383745666,0.673540789861686,0.319140948301682,3,0.320457796852647,0.70973696354407,0,0
dilate 2 mm,BraTS20_Training_345,ET,11109,11.109,3397.97536970557,3512.9478144835,0.708566380540366,0.685376281125197,0.314419321607303,2,0.316680169232154,0.696967919770101,0,0
erode 1 mm,BraTS20_Training_345,WT,74728,74.728,22400.6652668898,22995.0616189818,0.383011764710598,0.373111343501708,0.650809316262565,2,0.00017396424365701,0.87649252856037,0,0
erode 1 mm,BraTS20_Training_345,TC,4288,4.288,1850.06852753358,1894.62678807864,0.68992120560003,0.673695482925716,0.295932902771192,2,0.199626865671642,0.821455938697318,0,0
erode 1 mm,BraTS20_Training_345,ET,3838,3.838,1887.7067099894,1810.57682784071,0.627990275269973,0.654742421424335,0.390972199833347,4,0.112819176654508,0.784867075664622,0,0
erode 2 mm,BraTS20_Training_345,WT,55525,55.525,18253.0497876515,18661.5813558393,0.385603586156375,0.377162113017122,0.654156460498925,6,0.00012606933813597,0.733909181630131,0,0
erode 2 mm,BraTS20_Training_345,TC,2794,2.794,1337.70199081182,1366.06814687692,0.717148375432166,0.702256920137018,0.319510830109965,2,0.130994989262706,0.624636709143751,0,0
erode 2 mm,BraTS20_Training_345,ET,2410,2.41,1195.8148986277,1211.61353318709,0.726939374392796,0.717460568479618,0.629334190368334,2,0.0327800829875519,0.577107279693487,0,0
shift 2 vox,BraTS20_Training_345,WT,95788,95.788,25590.4932963599,26317.0398172178,0.395621182923019,0.384699088491928,0.656489078659596,5,0.000897816010356212,0.851056499770326,0,0
shift 2 vox,BraTS20_Training_345,TC,6152,6.152,2411.80500640312,2451.92565411807,0.673213500552122,0.662197766185449,0.295077212962647,5,0.251950585175553,0.78998699609883,0,0
shift 2 vox,BraTS20_Training_345,ET,5942,5.942,2659.85953848183,2713.20422256956,0.596458895166681,0.584731834199686,0.308554205276019,3,0.226859643217772,0.757320767418378,0,0
delete r=8 mm,BraTS20_Training_345,WT,94160,94.16,25607.1477117384,26301.07096019,0.390871391045296,0.380558702797297,0.685557032800287,5,0.000913338997451163,0.991429233263841,-1628,0
delete r=8 mm,BraTS20_Training_345,TC,6152,6.152,2411.80500640312,2451.92565411807,0.673213500552122,0.662197766185449,0.295077212962647,5,0.251950585175553,1,0,0
delete r=8 mm,BraTS20_Training_345,ET,5942,5.942,2659.85953848183,2713.20422256956,0.596458895166681,0.584731834199686,0.308554205276019,3,0.226859643217772,1,0,0
3 blobs r=3,BraTS20_Training_345,WT,96157,96.157,25955.2844260863,26675.2781342548,0.391061986748569,0.380506813957277,0.655454784259296,8,0.00473184479549071,0.99807757430514,369,3
3 blobs r=3,BraTS20_Training_345,TC,6521,6.521,2776.59613612958,2810.16397115503,0.607921555852595,0.600659840627171,0.667295389431619,8,0.294280018402086,0.97088297956285,369,3
3 blobs r=3,BraTS20_Training_345,ET,6311,6.311,3024.65066820829,3071.44253960653,0.546018915687479,0.537700594066809,0.662710640282317,6,0.272064649025511,0.969884926140537,369,3
dilate 1 mm,BraTS20_Training_347,WT,127561,127.561,18984.0775399548,19585.5938434992,0.645515342358188,0.625690158311224,0.641776724398739,2,5.48757065247374e-05,0.933324971255357,0,0
dilate 1 mm,BraTS20_Training_347,TC,37803,37.803,6506.96721531989,6720.59834130918,0.837123788486514,0.810513702829772,0.92340135902609,1,0,0.925196178778574,0,0
dilate 1 mm,BraTS20_Training_347,ET,32958,32.958,9171.09653608882,9364.556277664,0.542046767920834,0.530848775775308,0.947159142685973,1,0,0.860373443983403,0,0
dilate 2 mm,BraTS20_Training_347,WT,145001,145.001,19271.1617573649,19949.1059631245,0.692612341607282,0.669074819439712,0.646431082469309,2,0.000227584637347289,0.869894589170547,0,0
dilate 2 mm,BraTS20_Training_347,TC,43858,43.858,7033.35575020054,7288.22188606031,0.855107578012533,0.825204816055011,0.931049318795472,1,0,0.851869788871582,0,0
dilate 2 mm,BraTS20_Training_347,ET,41090,41.09,8617.93290308666,8855.82716563702,0.668197905823425,0.650248092093956,0.940356320115731,1,0,0.754320014551628,0,0
erode 1 mm,BraTS20_Training_347,WT,96128,96.128,17677.8055526457,18244.042989648,0.574057915536676,0.556240972057162,0.630158647619442,1,0,0.925455613212542,0,0
erode 1 mm,BraTS20_Training_347,TC,27647,27.647,5379.93442844105,5555.14395556883,0.821875088738278,0.795953106012416,0.909575746606695,1,0,0.918688110586828,0,0
erode 1 mm,BraTS20_Training_347,ET,16678,16.678,9268.32069371562,9480.97017725233,0.340600842898495,0.332961477730117,0.94671261877096,2,5.99592277251704e-05,0.802598652550529,0,0
erode 2 mm,BraTS20_Training_347,WT,80480,80.48,16420.0749175851,16941.4683523442,0.548994047162779,0.532098115478504,0.623032571243907,1,0,0.837923100148885,0,0
erode 2 mm,BraTS20_Training_347,TC,23009,23.009,4786.92107813747,4950.48874923028,0.817258952267312,0.790256134914603,0.901772200050603,1,0,0.828406840684068,0,0
erode 2 mm,BraTS20_Training_347,ET,8765,8.765,6874.32908826686,6934.94874926471,0.299057766793792,0.296443647916023,0.857696735925185,5,0.00707358813462633,0.520997414331144,0,0
shift 2 vox,BraTS20_Training_347,WT,111614,111.614,18743.0264132632,19334.8644446661,0.59812256763712,0.579814102947281,0.63636371247968,2,8.95944953138716e-06,0.908748006522479,0,0
shift 2 vox,BraTS20_Training_347,TC,32541,32.541,6053.13251742391,6239.03648054774,0.814312696051616,0.790048699857646,0.916669904229451,1,0,0.89201315263821,0,0
shift 2 vox,BraTS20_Training_347,ET,24882,24.882,9775.69653185709,9954.40143659448,0.421625242257729,0.414056078081211,0.963916062764452,1,0,0.784663612249819,0,0
delete r=8 mm,BraTS20_Training_347,WT,109910,109.91,19080.8983318374,19674.989956815,0.58153623297407,0.563976589671113,0.622473246852848,2,9.09835319806707e-06,0.992307831205648,-1704,0
delete r=8 mm,BraTS20_Training_347,TC,32541,32.541,6053.13251742391,6239.03648054774,0.814312696051616,0.790048699857646,0.916669904229451,1,0,1,0,0
delete r=8 mm,BraTS20_Training_347,ET,24882,24.882,9775.69653185709,9954.40143659448,0.421625242257729,0.414056078081211,0.963916062764452,1,0,1,0,0
3 blobs r=3,BraTS20_Training_347,WT,111983,111.983,19107.8175429897,19693.102761703,0.587996089111066,0.570520660084857,0.642702405830195,5,0.00330407293964263,0.998349709522042,369,3
3 blobs r=3,BraTS20_Training_347,TC,32910,32.91,6417.92364715037,6597.2747975847,0.773822761287862,0.752785892773599,0.786182908967919,4,0.0112123974475843,0.994362194618875,369,3
3 blobs r=3,BraTS20_Training_347,ET,25251,25.251,10140.4876615835,10312.6397536315,0.410466455829564,0.403614412048856,0.775561832610624,4,0.0146132826422716,0.992639578720603,369,3
dilate 1 mm,BraTS20_Training_353,WT,55211,55.211,10632.8783605464,10988.3957451433,0.659452756209104,0.638116892031085,0.616302819423137,1,0,0.9147608330303,0,0
dilate 1 mm,BraTS20_Training_353,TC,17678,17.678,3663.69138622778,3795.55165566423,0.895751053148113,0.864631999600304,0.735163598869541,1,0,0.908529620597043,0,0
dilate 1 mm,BraTS20_Training_353,ET,13772,13.772,5420.00242617356,5592.90557448499,0.512644126879283,0.496795873709203,0.734609674838532,1,0,0.79678490302289,0,0
dilate 2 mm,BraTS20_Training_353,WT,65007,65.007,11036.665066513,11428.1393297034,0.708412709668639,0.68414582460963,0.628356821550495,1,0,0.834425568156349,0,0
dilate 2 mm,BraTS20_Training_353,TC,21144,21.144,4062.11052603095,4221.056434951,0.910312462913542,0.876034209578433,0.745265962959173,1,0,0.820714464987869,0,0
dilate 2 mm,BraTS20_Training_353,ET,18709,18.709,5438.78996269237,5626.33542058807,0.626636306533639,0.605748324524447,0.745073336596891,1,0,0.655431384526932,0,0
erode 1 mm,BraTS20_Training_353,WT,38357,38.357,9195.05205366065,9481.25203109595,0.598172377216489,0.580116015008175,0.58525917855175,1,0,0.903633900700866,0,0
erode 1 mm,BraTS20_Training_353,TC,12000,12,2917.18493474167,3018.64554024142,0.868909061755472,0.839703897268729,0.709418952016224,1,0,0.898371701291409,0,0
erode 1 mm,BraTS20_Training_353,ET,4524,4.524,4734.91744949246,4812.06793711688,0.279374508816692,0.274895378458039,0.649941722754247,1,0,0.663148636763413,0,0
erode 2 mm,BraTS20_Training_353,WT,30382,30.382,8117.46201368934,8354.97482561263,0.580062467612332,0.563572619270549,0.571599687145119,1,0,0.789963598543942,0,0
erode 2 mm,BraTS20_Training_353,TC,9483,9.483,2528.22019684685,2618.2732456603,0.856971531863062,0.827496801019552,0.698281330987002,1,0,0.783783783783784,0,0
erode 2 mm,BraTS20_Training_353,ET,868,0.868,1504.46946600403,1238.06273705449,0.292491935720454,0.355430442394834,0.632651028570565,7,0.445852534562212,0.173808570284341,0,0
shift 2 vox,BraTS20_Training_353,WT,46538,46.538,10076.7763553849,10404.1689575151,0.620918092677774,0.601379387481654,0.601399395132838,1,0,0.880119472259229,0,0
shift 2 vox,BraTS20_Training_353,TC,14715,14.715,3329.08150825114,3439.77872248701,0.872301341461442,0.84422938211047,0.722774174781454,1,0,0.881617397213727,0,0
shift 2 vox,BraTS20_Training_353,ET,9120,9.12,5458.57777801713,5630.51823378492,0.386724049333942,0.374914566345349,0.71330907313515,2,0.000109649122806976,0.687938596491228,0,0
delete r=8 mm,BraTS20_Training_353,WT,45358,45.358,10250.5788584919,10577.3768409885,0.600028203888382,0.581489769509084,0.596175359552344,1,0,0.987159397579873,-1180,0
delete r=8 mm,BraTS20_Training_353,TC,14715,14.715,3329.08150825114,3439.77872248701,0.872301341461442,0.84422938211047,0.722774174781454,1,0,1,0,0
delete r=8 mm,BraTS20_Training_353,ET,9120,9.12,5458.57777801713,5630.51823378492,0.386724049333942,0.374914566345349,0.71330907313515,2,0.000109649122806976,1,0,0
3 blobs r=3,BraTS20_Training_353,WT,46907,46.907,10441.5674851114,10762.4072745521,0.60238876506294,0.584430860329002,0.630381311885999,4,0.00786662971411511,0.996051153084702,369,3
3 blobs r=3,BraTS20_Training_353,TC,15084,15.084,3693.8726379776,3798.01703952398,0.799244929555434,0.77732904976571,0.671554337048255,4,0.0244630071599046,0.987617034128662,369,3
3 blobs r=3,BraTS20_Training_353,ET,9489,9.489,5823.36890774359,5988.75655082187,0.372211784339111,0.361932650563109,0.67623878924718,5,0.0389925176520182,0.980170885055618,369,3
dilate 1 mm,BraTS20_Training_357,WT,70397,70.397,12768.4697544719,13095.1937658937,0.645725653283576,0.629614851145754,0.6304367796898,1,0,0.914982814691512,0,0
dilate 1 mm,BraTS20_Training_357,TC,30482,30.482,6994.28046898053,7199.67710615272,0.674688623006767,0.65544070782103,0.498115430591089,3,0.0827701594383571,0.896519268014553,0,0
dilate 1 mm,BraTS20_Training_357,ET,22465,22.465,9374.48228894609,9648.66990123717,0.41071551940984,0.399044158616013,0.512317521290935,4,0.108479857556198,0.79132703844188,0,0
dilate 2 mm,BraTS20_Training_357,WT,82070,82.07,12765.2483525017,13142.5359647563,0.715447567657002,0.694908951272879,0.63296972413402,1,0,0.839466892919009,0,0
dilate 2 mm,BraTS20_Training_357,TC,37139,37.139,7813.49772401608,8084.02660022245,0.688956980943062,0.66590129755331,0.50890583545345,2,0.000888553811357329,0.800109847505815,0,0
dilate 2 mm,BraTS20_Training_357,ET,31203,31.203,9990.11460384728,10320.1222013859,0.479782667662409,0.464440608488471,0.517806244251643,3,0.00423036246514763,0.640717910740345,0,0
erode 1 mm,BraTS20_Training_357,WT,48734,48.734,11499.9503002603,11718.0134873929,0.561060292350219,0.550619393331367,0.632369081166928,2,2.05195551360449e-05,0.901654964430753,0,0
erode 1 mm,BraTS20_Training_357,TC,19617,19.617,5249.21320342379,5398.93422879322,0.670108263222233,0.651525096244001,0.459927315158356,2,0.0402711933527042,0.884007029876977,0,0
erode 1 mm,BraTS20_Training_357,ET,7943,7.943,5647.73939843783,5624.98067727504,0.340878165403224,0.342257361450641,0.533163622118549,6,0.0993327458139243,0.701337689285241,0,0
erode 2 mm,BraTS20_Training_357,WT,38776,38.776,9771.13681103149,9990.94600830717,0.566997357474485,0.554522939746646,0.644128207885945,3,5.15782958531164e-05,0.790210003973874,0,0
erode 2 mm,BraTS20_Training_357,TC,15138,15.138,4324.92706571574,4443.91142441865,0.684254512828695,0.665933809146095,0.431523802601571,2,0.0206764433875016,0.758739944365085,0,0
erode 2 mm,BraTS20_Training_357,ET,3630,3.63,2845.47692354907,2824.51078144544,0.401421047568494,0.404400767377671,0.748553085837493,7,0.121763085399449,0.395899225651652,0,0
shift 2 vox,BraTS20_Training_357,WT,59365,59.365,12803.4019846092,13057.6954577413,0.574794218865212,0.563600327973476,0.629347662383406,2,5.05348269181916e-05,0.891215362587383,0,0
shift 2 vox,BraTS20_Training_357,TC,24765,24.765,6284.68735064557,6455.25009403899,0.653771526547768,0.636497360017262,0.48335689885823,4,0.0634363012315768,0.867797294568948,0,0
shift 2 vox,BraTS20_Training_357,ET,14708,14.708,8613.42974104071,8846.14594575929,0.337036619174193,0.328170172323064,0.509446701795858,5,0.102733206418276,0.695539842262714,0,0
delete r=8 mm,BraTS20_Training_357,WT,57886,57.886,13020.8008206637,13273.0948309011,0.555770455026037,0.545206411096846,0.618605025576724,2,5.18260028331552e-05,0.987386035087121,-1479,0
delete r=8 mm,BraTS20_Training_357,TC,24765,24.765,6284.68735064557,6455.25009403899,0.653771526547768,0.636497360017262,0.48335689885823,4,0.0634363012315768,1,0,0
delete r=8 mm,BraTS20_Training_357,ET,14708,14.708,8613.42974104071,8846.14594575929,0.337036619174193,0.328170172323064,0.509446701795858,5,0.102733206418276,1,0,0
3 blobs r=3,BraTS20_Training_357,WT,59734,59.734,13168.1931143357,13415.9337747783,0.561184502652296,0.550821584822558,0.674307349886752,5,0.00622760906686304,0.99690173721022,369,3
3 blobs r=3,BraTS20_Training_357,TC,25134,25.134,6649.47848037203,6813.48841107594,0.624028292132165,0.6090070826173,0.623258812533049,7,0.0771862815309938,0.992605062225696,369,3
3 blobs r=3,BraTS20_Training_357,ET,15077,15.077,8978.22087076717,9204.38426279627,0.328728326798664,0.320651054998382,0.673319149311427,8,0.124693241361013,0.98761121369817,369,3
dilate 1 mm,BraTS20_Training_364,WT,116452,116.452,22142.056567157,22830.7723065525,0.52083177235968,0.505120300387337,0.490877262499257,1,0,0.914013139795676,0,0
dilate 1 mm,BraTS20_Training_364,TC,57860,57.86,9213.59899838035,9518.17067909956,0.785188211664744,0.76006299576241,0.696703108907161,1,0,0.928617720581428,0,0
dilate 1 mm,BraTS20_Training_364,ET,44125,44.125,15145.5325119879,15531.6701154214,0.398709015413349,0.388796588576121,0.687480535321845,1,0,0.817547197620356,0,0
dilate 2 mm,BraTS20_Training_364,WT,136894,136.894,22970.7729904026,23754.8121141392,0.559196945291516,0.540740378223087,0.507493956306529,1,0,0.834473510568102,0,0
dilate 2 mm,BraTS20_Training_364,TC,66415,66.415,9830.44151424284,10191.2316630606,0.806780176847633,0.778218531926626,0.702201863524546,1,0,0.860464118732038,0,0
dilate 2 mm,BraTS20_Training_364,ET,57548,57.548,13813.6308013654,14141.9256212766,0.521830873525847,0.509716938179552,0.700642751257536,1,0,0.692922685563732,0,0
erode 1 mm,BraTS20_Training_364,WT,80578,80.578,18976.7046042727,19475.6419859863,0.475416572083176,0.463237096825357,0.455946037558388,4,6.20516766363099e-05,0.902384805335155,0,0
erode 1 mm,BraTS20_Training_364,TC,42787,42.787,8075.96475885092,8315.48153085812,0.732539308372742,0.711439453859359,0.691929406530673,1,0,0.92077428795851,0,0
erode 1 mm,BraTS20_Training_364,ET,16999,16.999,13945.2019123158,14218.7168271293,0.229267009907901,0.224856770401279,0.633826764151433,3,0.000117653979645915,0.715641905403414,0,0
erode 2 mm,BraTS20_Training_364,WT,64063,64.063,16346.7249453457,16746.9262458926,0.473650737203514,0.46233190542205,0.437260825258583,5,0.00201364282034877,0.790540123647223,0,0
erode 2 mm,BraTS20_Training_364,TC,35790,35.79,7092.46792321734,7294.22761432878,0.740504797352835,0.720022297069054,0.691043663362458,1,0,0.832906679078427,0,0
erode 2 mm,BraTS20_Training_364,ET,6061,6.061,6404.8322780691,5859.50653692907,0.250999324315324,0.274359037577055,0.528686370335458,25,0.149480283781554,0.331482950039651,0,0
shift 2 vox,BraTS20_Training_364,WT,98011,98.011,21224.9206888516,21778.7890571457,0.484344748492124,0.472027110682453,0.47436987065339,2,5.10146820255075e-05,0.874126373570314,0,0
shift 2 vox,BraTS20_Training_364,TC,50150,50.15,8857.50890509267,9039.29661422422,0.742482949837781,0.727551005430973,0.693160176922176,2,7.97607178464332e-05,0.900239282153539,0,0
shift 2 vox,BraTS20_Training_364,ET,30508,30.508,16148.8642694611,16569.1918494083,0.292382448464014,0.284965284844999,0.670890162196997,3,0.000196669725973542,0.709715484463092,0,0
delete r=8 mm,BraTS20_Training_364,WT,96530,96.53,21422.1583077613,21987.9758437905,0.475038823028694,0.46281462839278,0.473215910037056,2,5.17973686936513e-05,0.992387208865997,-1481,0
delete r=8 mm,BraTS20_Training_364,TC,48701,48.701,9071.01471983722,9263.82650990526,0.710973650182498,0.696175866347025,0.692633089148548,2,8.21338370875502e-05,0.985341574693225,-1449,0
delete r=8 mm,BraTS20_Training_364,ET,29512,29.512,15833.0095067087,16248.7448635662,0.29168879527642,0.284225736042381,0.670276206787931,3,0.000203307129303387,0.983405531489503,-996,0
3 blobs r=3,BraTS20_Training_364,WT,98380,98.38,21589.7118185781,22137.0273741827,0.477355383280601,0.465553255451742,0.495642532786548,5,0.00380158568814803,0.998121095162202,369,3
3 blobs r=3,BraTS20_Training_364,TC,50519,50.519,9222.30003481912,9397.5349312612,0.716607541094324,0.70324503175844,0.692431368520796,5,0.00738336071577028,0.996334522047502,369,3
3 blobs r=3,BraTS20_Training_364,ET,30877,30.877,16513.6553991876,16927.4301664453,0.28822455147547,0.281179179228646,0.707918646439801,6,0.0121449622696506,0.993988759468926,369,3
dilate 1 mm,BraTS20_Training_369,WT,254667,254.667,35771.9051962734,37019.3831818718,0.543155066463489,0.524851844477034,0.403338085433094,2,0.323186749755563,0.937778806629419,0,0
dilate 1 mm,BraTS20_Training_369,TC,73227,73.227,12395.2794533333,12823.0118273442,0.682876179168311,0.660097735757046,0.296922213597811,5,0.195856719516025,0.927367673231432,0,0
dilate 1 mm,BraTS20_Training_369,ET,57266,57.266,17179.6636298392,17697.6135545103,0.418216054789802,0.405976270402635,0.29459286761183,5,0.234799008137464,0.854531089041575,0,0
dilate 2 mm,BraTS20_Training_369,WT,287531,287.531,36816.9759821145,38155.9786876188,0.572214853253285,0.552134193210236,0.406555207967784,2,0.333463174405542,0.877627775620019,0,0
dilate 2 mm,BraTS20_Training_369,TC,84902,84.902,13677.3199497097,14200.0178606816,0.683012101777012,0.657870654613353,0.293340328683056,4,0.218475418718051,0.854316789463741,0,0
dilate 2 mm,BraTS20_Training_369,ET,72957,72.957,17310.7784896108,17903.8613716452,0.487766725562523,0.471608976719847,0.292225543803117,4,0.248022807955371,0.73861927073428,0,0
erode 1 mm,BraTS20_Training_369,WT,196028,196.028,32562.1201416843,33664.3927022631,0.501168218871736,0.484758477553,0.402514815781373,2,0.294167159793499,0.93155918832866,0,0
erode 1 mm,BraTS20_Training_369,TC,54254,54.254,9832.04078937267,10147.6683626615,0.704901273075131,0.682976406171957,0.313397384899744,7,0.149629520404026,0.922969616549284,0,0
erode 1 mm,BraTS20_Training_369,ET,28590,28.59,15810.2530505144,16299.8024708794,0.28599256333625,0.277403042459535,0.314757505416928,7,0.196817068905212,0.801839828357476,0,0
erode 2 mm,BraTS20_Training_369,WT,167415,167.415,29904.8323398529,30916.4441893781,0.491215803657351,0.475142812707617,0.40344365651709,2,0.275196368306305,0.853620295375108,0,0
erode 2 mm,BraTS20_Training_369,TC,45794,45.794,8668.92452305146,8973.51229816086,0.714043421957493,0.689806658246799,0.326436180794292,4,0.125758833034895,0.839455931954832,0,0
erode 2 mm,BraTS20_Training_369,ET,14805,14.805,13027.9870802174,13397.5379480068,0.223809790015642,0.217636334680713,0.330710565958621,6,0.181560283687943,0.514723777074714,0,0
shift 2 vox,BraTS20_Training_369,WT,224832,224.832,34795.54584622,35983.0348736837,0.513884935511278,0.496926034616989,0.402135863920263,2,0.310262773982351,0.913104006547111,0,0
shift 2 vox,BraTS20_Training_369,TC,63310,63.31,11180.5294419228,11536.4938523106,0.687073656394584,0.665873647785164,0.303464671192242,9,0.173321750118465,0.897551729584584,0,0
shift 2 vox,BraTS20_Training_369,ET,42721,42.721,16934.8796962871,17443.6693106348,0.34897657982823,0.338797777633273,0.301339505597261,9,0.218698064183891,0.766531682310807,0,0
delete r=8 mm,BraTS20_Training_369,WT,222723,222.723,35589.110637342,36803.1473270433,0.499279461423345,0.482809576954066,0.401788803093889,2,0.313200702217553,0.995287729999665,-2109,0
delete r=8 mm,BraTS20_Training_369,TC,61521,61.521,11491.5672095812,11841.1563560205,0.655823720308692,0.636461687775378,0.291203176048459,9,0.178361860177825,0.98566862397962,-1789,0
delete r=8 mm,BraTS20_Training_369,ET,41394,41.394,16902.1715149894,17393.5079606692,0.342373295895056,0.332701843840582,0.289623772650204,9,0.225709039957482,0.984223979076265,-1327,0
3 blobs r=3,BraTS20_Training_369,WT,225201,225.201,35160.3369759465,36341.2731907207,0.509109622509247,0.49256573348929,0.403382434826756,5,0.311392933423919,0.999180060128924,369,3
3 blobs r=3,BraTS20_Training_369,TC,63679,63.679,11545.3205716492,11894.7321693476,0.667947432419665,0.648326260944976,0.31510139688493,12,0.178112093468805,0.997094236508674,369,3
3 blobs r=3,BraTS20_Training_369,ET,43090,43.09,17299.6708260136,17801.9076276718,0.343582166869281,0.333888845669985,0.316053374328044,12,0.22538872128104,0.995699852000326,369,3
